try_on,gender,category,url,title,price,special_price,img_url,id
False,F,上身類,https://www.net-fashion.net/product/352700,渲染寬版V領T恤,299.0,,https://net.wimg.tw/files/1/products/352697_400_719E6B7B1E8978D.jpg?v=24472,352700
False,F,上身類,https://www.net-fashion.net/product/352679,羅紋挖肩短版上衣,299.0,,https://net.wimg.tw/files/1/products/352679_400_002E799BDE889B2.jpg?v=24472,352679
False,F,上身類,https://www.net-fashion.net/product/352675,格紋泡泡袖短版上衣現快F,299.0,,https://net.wimg.tw/files/1/products/352671_400_900E9BB91E889B2.jpg?v=24472,352675
False,F,上身類,https://www.net-fashion.net/product/352607,翻領開襟V領羅紋上衣,399.0,,https://net.wimg.tw/files/1/products/352604_400_900E9BB91E889B2.jpg?v=24472,352607
False,F,上身類,https://www.net-fashion.net/product/352601,緹花針織短版上衣,259.0,,https://net.wimg.tw/files/1/products/352598_400_721E6B7BAE781B0E8978D.jpg?v=24472,352601
False,F,上身類,https://www.net-fashion.net/product/353281,米奇合身短版T恤,259.0,,https://net.wimg.tw/files/1/products/353281_400_002E799BDE889B2.jpg?v=24472,353281
False,F,上身類,https://www.net-fashion.net/product/353261,羅紋V領開釦背心,359.0,,https://net.wimg.tw/files/1/products/353261_400_507E69D8FE889B2.jpg?v=24472,353261
False,F,上身類,https://www.net-fashion.net/product/352654,皺皺布縮口寬肩背心,299.0,,https://net.wimg.tw/files/1/products/352654_400_102E58DA1E585B6.jpg?v=24472,352654
False,F,上身類,https://www.net-fashion.net/product/353273,印花合身短版T恤,259.0,,https://net.wimg.tw/files/1/products/353269_400_802E7B289E7B4AB.jpg?v=24472,353273
False,F,上身類,https://www.net-fashion.net/product/352824,落肩寬鬆暈染印字T恤,299.0,,https://net.wimg.tw/files/1/products/352824_400_705E8978DE889B2.jpg?v=24472,352824
False,F,上身類,https://www.net-fashion.net/product/352836,寬鬆渲染印字T恤,259.0,,https://net.wimg.tw/files/1/products/352832_400_602E6B7BAE7B6A0.jpg?v=24472,352836
False,F,上身類,https://www.net-fashion.net/product/352688,圓領排釦短版背心,259.0,,https://net.wimg.tw/files/1/products/352685_400_102E58DA1E585B6.jpg?v=24472,352688
False,F,上身類,https://www.net-fashion.net/product/349960,勵志文字印花T恤,259.0,,https://net.wimg.tw/files/1/products/349960_400_002E799BDE889B2.jpg?v=24472,349960
False,F,上身類,https://www.net-fashion.net/product/352429,蕾絲領結傘狀上衣,459.0,,https://net.wimg.tw/files/1/products/352429_400_002E799BDE889B2.jpg?v=24472,352429
False,F,上身類,https://www.net-fashion.net/product/350649,STARWARS寬鬆T恤,299.0,,https://net.wimg.tw/files/1/products/350645_400_014E6B7B1E781B0.jpg?v=24472,350649
False,F,上身類,https://www.net-fashion.net/product/350621,渡假風情T恤,,250.0,https://net.wimg.tw/files/1/products/350621_400_002E799BDE889B2.jpg?v=24472,350621
False,F,上身類,https://www.net-fashion.net/product/352107,短版扭結上衣,199.0,,https://net.wimg.tw/files/1/products/352103_400_206E58FAFE58FAFE889B2.jpg?v=24472,352107
False,F,上身類,https://www.net-fashion.net/product/352451,羅紋方領排釦短版上衣,259.0,,https://net.wimg.tw/files/1/products/352447_400_314E7B289E7B485.jpg?v=24472,352451
False,F,上身類,https://www.net-fashion.net/product/352118,側綁繩短版上衣,299.0,,https://net.wimg.tw/files/1/products/352115_400_205E6B7BAE6A395E889B2.jpg?v=24472,352118
False,F,上身類,https://www.net-fashion.net/product/350589,可愛動物繡花T恤,299.0,,https://net.wimg.tw/files/1/products/350585_400_605E6B7BAE69E9CE7B6A0.jpg?v=24472,350589
False,F,上身類,https://www.net-fashion.net/product/349213,棉質印花背心,199.0,,https://net.wimg.tw/files/1/products/349213_400_010E6B7BAE781B0.jpg?v=24472,349213
False,F,上身類,https://www.net-fashion.net/product/346719,素面寬肩蕾絲背心,199.0,,https://net.wimg.tw/files/1/products/346711_400_020E6B7BAE9BABBE781B0.jpg?v=24472,346719
False,F,上身類,https://www.net-fashion.net/product/350372,排釦縮腰連肩袖上衣,359.0,,https://net.wimg.tw/files/1/products/350372_400_205E6B7BAE6A395E889B2.jpg?v=24472,350372
False,F,上身類,https://www.net-fashion.net/product/350348,腰抽繩合身短版上衣,259.0,,https://net.wimg.tw/files/1/products/350348_400_002E799BDE889B2.jpg?v=24472,350348
False,F,上身類,https://www.net-fashion.net/product/352385,皺皺公主袖短版上衣,159.0,,https://net.wimg.tw/files/1/products/352379_400_802E7B289E7B4AB.jpg?v=24472,352385
False,F,上身類,https://www.net-fashion.net/product/350271,領口綁帶上衣,459.0,,https://net.wimg.tw/files/1/products/350268_400_102E58DA1E585B6.jpg?v=24472,350271
False,F,上身類,https://www.net-fashion.net/product/350412,緹花腰縮褶短版上衣,399.0,,https://net.wimg.tw/files/1/products/350412_400_002E799BDE889B2.jpg?v=24472,350412
False,F,上身類,https://www.net-fashion.net/product/350259,碎花荷葉袖傘擺上衣,399.0,,https://net.wimg.tw/files/1/products/350259_400_002E799BDE889B2.jpg?v=24472,350259
False,F,上身類,https://www.net-fashion.net/product/350280,鬆緊一字領短版上衣,399.0,,https://net.wimg.tw/files/1/products/350277_400_505E6B7BAE9BB83.jpg?v=24472,350280
False,F,上身類,https://www.net-fashion.net/product/350511,素色機能運動上衣,199.0,,https://net.wimg.tw/files/1/products/350496_400_605E6B7BAE69E9CE7B6A0.jpg?v=24472,350511
False,F,上身類,https://www.net-fashion.net/product/350380,拼接傘擺素面上衣,359.0,,https://net.wimg.tw/files/1/products/350380_400_614E6B7BAE781B0E7B6A0.jpg?v=24472,350380
False,F,上身類,https://www.net-fashion.net/product/350408,羅紋斜肩上衣,259.0,,https://net.wimg.tw/files/1/products/350404_400_206E58FAFE58FAFE889B2.jpg?v=24472,350408
False,F,上身類,https://www.net-fashion.net/product/350613,台灣味印花T恤,,250.0,https://net.wimg.tw/files/1/products/350609_400_511E88AA5E9BB83.jpg?v=24472,350613
False,F,上身類,https://www.net-fashion.net/product/350601,圓領素面傘狀上衣,199.0,,https://net.wimg.tw/files/1/products/350597_400_326E7A39AE7B485.jpg?v=24472,350601
False,F,上身類,https://www.net-fashion.net/product/350444,刺繡動物落肩寬鬆T恤,299.0,,https://net.wimg.tw/files/1/products/350444_400_602E6B7BAE7B6A0.jpg?v=24472,350444
False,F,上身類,https://www.net-fashion.net/product/350440,人物印花寬鬆T恤,,250.0,https://net.wimg.tw/files/1/products/350432_400_900E9BB91E889B2.jpg?v=24472,350440
False,F,上身類,https://www.net-fashion.net/product/350368,下擺拼接蕾絲上衣,359.0,,https://net.wimg.tw/files/1/products/350364_400_802E7B289E7B4AB.jpg?v=24472,350368
False,F,上身類,https://www.net-fashion.net/product/350484,迪士尼角色印花T恤,299.0,,https://net.wimg.tw/files/1/products/350480_400_300E6B7BAE781B0E7B289.jpg?v=24472,350484
False,F,上身類,https://www.net-fashion.net/product/352069,羅紋不修邊短版上衣,199.0,,https://net.wimg.tw/files/1/products/352057_400_105E6B7BAE9A79DE889B2.jpg?v=24472,352069
False,F,上身類,https://www.net-fashion.net/product/350396,羅紋素面捲邊上衣,259.0,,https://net.wimg.tw/files/1/products/350388_400_701E6B7BAE8978D.jpg?v=24472,350396
False,F,上身類,https://www.net-fashion.net/product/350653,TSUMTSUM印花T恤,299.0,,https://net.wimg.tw/files/1/products/350653_400_002E799BDE889B2.jpg?v=24472,350653
False,F,上身類,https://www.net-fashion.net/product/350633,左胸TSUMTSUM印花T恤,299.0,,https://net.wimg.tw/files/1/products/350629_400_511E88AA5E9BB83.jpg?v=24472,350633
False,F,上身類,https://www.net-fashion.net/product/350472,三眼怪印花T恤,299.0,,https://net.wimg.tw/files/1/products/350468_400_801E6B7BAE781B0E7B4AB.jpg?v=24472,350472
False,F,上身類,https://www.net-fashion.net/product/350460,口袋俏皮印字T恤,259.0,,https://net.wimg.tw/files/1/products/350456_400_102E58DA1E585B6.jpg?v=24472,350460
False,F,上身類,https://www.net-fashion.net/product/350356,V領荷葉袖寬鬆上衣,259.0,,https://net.wimg.tw/files/1/products/350356_400_206E58FAFE58FAFE889B2.jpg?v=24472,350356
False,F,上身類,https://www.net-fashion.net/product/350424,澎袖鬆緊腰短版上衣,399.0,,https://net.wimg.tw/files/1/products/350420_400_314E7B289E7B485.jpg?v=24472,350424
False,F,上身類,https://www.net-fashion.net/product/350336,方領假排釦背心,259.0,,https://net.wimg.tw/files/1/products/350336_400_314E7B289E7B485.jpg?v=24472,350336
False,F,上身類,https://www.net-fashion.net/product/347960,純棉抽皺短袖上衣,399.0,,https://net.wimg.tw/files/1/products/347956_400_703E6B7A1E8978D.jpg?v=24472,347960
False,F,上身類,https://www.net-fashion.net/product/348903,純棉抽皺短袖上衣,399.0,,https://net.wimg.tw/files/1/products/348903_400_510E6B7BAE88AA5E9BB83.jpg?v=24472,348903
False,F,上身類,https://www.net-fashion.net/product/350016,手繪風愛麗絲印花T恤,299.0,,https://net.wimg.tw/files/1/products/350008_400_314E7B289E7B485.jpg?v=24472,350016
False,F,上身類,https://www.net-fashion.net/product/347825,V領短版荷葉袖上衣,359.0,,https://net.wimg.tw/files/1/products/347822_400_602E6B7BAE7B6A0.jpg?v=24472,347825
False,F,上身類,https://www.net-fashion.net/product/346603,小恐龍印花T恤,,250.0,https://net.wimg.tw/files/1/products/346599_400_900E9BB91E889B2.jpg?v=24472,346603
False,F,上身類,https://www.net-fashion.net/product/346515,勵志小語印花T恤,,250.0,https://net.wimg.tw/files/1/products/346511_400_307E6B7A1E7B289E7B485.jpg?v=24472,346515
False,F,上身類,https://www.net-fashion.net/product/350068,大自然風景印花T恤,,250.0,https://net.wimg.tw/files/1/products/350064_400_322E78F8AE7919AE7B485.jpg?v=24472,350068
False,F,上身類,https://www.net-fashion.net/product/346992,迪士尼反派角色印花T恤,299.0,,https://net.wimg.tw/files/1/products/346992_400_002E799BDE889B2.jpg?v=24472,346992
False,F,上身類,https://www.net-fashion.net/product/350080,環保意識綁帶T恤,259.0,,https://net.wimg.tw/files/1/products/350076_400_322E78F8AE7919AE7B485.jpg?v=24472,350080
False,F,上身類,https://www.net-fashion.net/product/350044,素色挖背背心,,175.0,https://net.wimg.tw/files/1/products/350036_400_326E7A39AE7B485.jpg?v=24472,350044
False,F,上身類,https://www.net-fashion.net/product/346727,俏皮黑熊刺繡T恤,299.0,,https://net.wimg.tw/files/1/products/346723_400_022E9BABBE781B0.jpg?v=24472,346727
False,F,上身類,https://www.net-fashion.net/product/350028,手繪風維尼印花T恤,299.0,,https://net.wimg.tw/files/1/products/350020_400_505E6B7BAE9BB83.jpg?v=24472,350028
False,F,上身類,https://www.net-fashion.net/product/350004,小熊維尼印花T恤,299.0,,https://net.wimg.tw/files/1/products/349996_400_900E9BB91E889B2.jpg?v=24472,350004
False,F,上身類,https://www.net-fashion.net/product/346623,週五微笑印花T恤,259.0,,https://net.wimg.tw/files/1/products/346619_400_105E6B7BAE9A79DE889B2.jpg?v=24472,346623
False,F,上身類,https://www.net-fashion.net/product/346651,迪士尼公主印花T恤,299.0,,https://net.wimg.tw/files/1/products/346643_400_801E6B7BAE781B0E7B4AB.jpg?v=24472,346651
False,F,上身類,https://www.net-fashion.net/product/347816,短版扭結設計上衣,399.0,,https://net.wimg.tw/files/1/products/347816_400_102E58DA1E585B6.jpg?v=24472,347816
False,F,上身類,https://www.net-fashion.net/product/345331,領綁帶背心,399.0,,https://net.wimg.tw/files/1/products/345327_400_314E7B289E7B485.jpg?v=24472,345331
False,F,上身類,https://www.net-fashion.net/product/346872,寬版條紋附口袋T恤,299.0,,https://net.wimg.tw/files/1/products/346872_400_511E88AA5E9BB83.jpg?v=24472,346872
False,F,上身類,https://www.net-fashion.net/product/346739,復古交通工具印花T恤,299.0,,https://net.wimg.tw/files/1/products/346735_400_003E7B1B3E799BD.jpg?v=24472,346739
False,F,上身類,https://www.net-fashion.net/product/346928,純棉手繪印花T恤,259.0,,https://net.wimg.tw/files/1/products/346924_400_003E7B1B3E799BD.jpg?v=24472,346928
False,F,上身類,https://www.net-fashion.net/product/345355,荷葉袖圓領雪紡上衣,599.0,,https://net.wimg.tw/files/1/products/345351_400_101E6B7BAE58DA1E585B6.jpg?v=24472,345355
False,F,上身類,https://www.net-fashion.net/product/346587,純棉印字T恤,,250.0,https://net.wimg.tw/files/1/products/346587_400_002E799BDE889B2.jpg?v=24472,346587
False,F,上身類,https://www.net-fashion.net/product/350092,Bear印花T恤,259.0,,https://net.wimg.tw/files/1/products/350088_400_616E781B0E7B6A0.jpg?v=24472,350092
False,F,上身類,https://www.net-fashion.net/product/350156,下擺綁結短版T恤,199.0,,https://net.wimg.tw/files/1/products/350156_400_002E799BDE889B2.jpg?v=24472,350156
False,F,上身類,https://www.net-fashion.net/product/347860,蕾絲連肩袖上衣,299.0,,https://net.wimg.tw/files/1/products/347852_400_326E7A39AE7B485.jpg?v=24472,347860
False,F,上身類,https://www.net-fashion.net/product/346972,TSUMTSUM印花T恤,299.0,,https://net.wimg.tw/files/1/products/346964_400_304E781B0E7B4ABE7B485.jpg?v=24472,346972
False,F,上身類,https://www.net-fashion.net/product/350152,大圖印字寬鬆短版T恤,299.0,,https://net.wimg.tw/files/1/products/350144_400_900E9BB91E889B2.jpg?v=24472,350152
False,F,上身類,https://www.net-fashion.net/product/348021,單口袋圓領多色T恤,,199.0,https://net.wimg.tw/files/1/products/348011_400_705E8978DE889B2.jpg?v=24472,348021
False,F,上身類,https://www.net-fashion.net/product/346838,純棉V領短袖上衣,,199.0,https://net.wimg.tw/files/1/products/346823_400_511E88AA5E9BB83.jpg?v=24472,346838
False,F,上身類,https://www.net-fashion.net/product/345568,圓領寬肩背心,199.0,,https://net.wimg.tw/files/1/products/345564_400_205E6B7BAE6A395E889B2.jpg?v=24472,345568
False,F,上身類,https://www.net-fashion.net/product/350056,水果印花T恤,,250.0,https://net.wimg.tw/files/1/products/350052_400_705E8978DE889B2.jpg?v=24472,350056
False,F,上身類,https://www.net-fashion.net/product/349429,素色涼感背心,259.0,,https://net.wimg.tw/files/1/products/349429_400_314E7B289E7B485.jpg?v=24472,349429
False,F,上身類,https://www.net-fashion.net/product/349306,單口袋滿版印花T恤,,199.0,https://net.wimg.tw/files/1/products/349291_400_901E99CA7E9BB91.jpg?v=24472,349306
False,F,上身類,https://www.net-fashion.net/product/349251,反摺袖滿版印花T恤,,199.0,https://net.wimg.tw/files/1/products/349251_400_010E6B7BAE781B0.jpg?v=24472,349251
False,F,上身類,https://www.net-fashion.net/product/346531,純棉英文字樣T恤,,250.0,https://net.wimg.tw/files/1/products/346523_400_802E7B289E7B4AB.jpg?v=24472,346531
False,F,上身類,https://www.net-fashion.net/product/344672,細肩V領寬襬背心,259.0,,https://net.wimg.tw/files/1/products/344672_400_901E99CA7E9BB91.jpg?v=24472,344672
False,F,上身類,https://www.net-fashion.net/product/349548,標籤印字T恤,,250.0,https://net.wimg.tw/files/1/products/349540_400_900E9BB91E889B2.jpg?v=24472,349548
False,F,上身類,https://www.net-fashion.net/product/347912,瑪麗貓甜點印花T恤,299.0,,https://net.wimg.tw/files/1/products/347908_400_003E7B1B3E799BD.jpg?v=24472,347912
False,F,上身類,https://www.net-fashion.net/product/349468,素面連袖短版T恤,199.0,,https://net.wimg.tw/files/1/products/349460_400_300E6B7BAE781B0E7B289.jpg?v=24472,349468
False,F,上身類,https://www.net-fashion.net/product/348120,奇奇蒂蒂短版印花T恤,299.0,,https://net.wimg.tw/files/1/products/348120_400_002E799BDE889B2.jpg?v=24472,348120
False,F,上身類,https://www.net-fashion.net/product/343301,快適排汗POLO衫,,299.0,https://net.wimg.tw/files/1/products/343286_400_703E6B7A1E8978D.jpg?v=24472,343301
False,F,上身類,https://www.net-fashion.net/product/349027,TSUMTSUM寬鬆長版T恤,359.0,,https://net.wimg.tw/files/1/products/349023_400_624E8A490E7B6A0.jpg?v=24472,349027
False,F,上身類,https://www.net-fashion.net/product/348999,英文印字寬版T恤,,250.0,https://net.wimg.tw/files/1/products/348995_400_622E6A984E7B6A0.jpg?v=24472,348999
False,F,上身類,https://www.net-fashion.net/product/348987,交通工具印花短袖T恤,,250.0,https://net.wimg.tw/files/1/products/348983_400_305E7B4ABE7B485.jpg?v=24472,348987
False,F,上身類,https://www.net-fashion.net/product/347032,線條米奇米妮印花T恤,299.0,,https://net.wimg.tw/files/1/products/347024_400_900E9BB91E889B2.jpg?v=24472,347032
False,F,上身類,https://www.net-fashion.net/product/349592,米奇米妮印花T恤,299.0,,https://net.wimg.tw/files/1/products/349592_400_002E799BDE889B2.jpg?v=24472,349592
False,F,上身類,https://www.net-fashion.net/product/349576,爆米花印花T恤,199.0,,https://net.wimg.tw/files/1/products/349572_400_900E9BB91E889B2.jpg?v=24472,349576
False,F,上身類,https://www.net-fashion.net/product/348112,米奇星球印花落肩T恤,359.0,,https://net.wimg.tw/files/1/products/348108_400_804E7B4ABE889B2.jpg?v=24472,348112
False,F,上身類,https://www.net-fashion.net/product/346940,Q版星際大戰印花T恤,299.0,,https://net.wimg.tw/files/1/products/346936_400_020E6B7BAE9BABBE781B0.jpg?v=24472,346940
False,F,上身類,https://www.net-fashion.net/product/349564,迪士尼角色T恤,299.0,,https://net.wimg.tw/files/1/products/349560_400_401E7B289E6A998.jpg?v=24472,349564
False,F,上身類,https://www.net-fashion.net/product/347008,米奇米妮寬鬆短版印花T恤,299.0,,https://net.wimg.tw/files/1/products/347004_400_022E9BABBE781B0.jpg?v=24472,347008
False,F,上身類,https://www.net-fashion.net/product/349162,羅紋圓領短版背心,159.0,,https://net.wimg.tw/files/1/products/349154_400_900E9BB91E889B2.jpg?v=24472,349162
False,F,上身類,https://www.net-fashion.net/product/349508,車邊素面短版T恤,199.0,,https://net.wimg.tw/files/1/products/349488_400_614E6B7BAE781B0E7B6A0.jpg?v=24472,349508
False,F,上身類,https://www.net-fashion.net/product/346984,落肩唐老鴨印花T恤,299.0,,https://net.wimg.tw/files/1/products/346980_400_321E6B7BAE7A39AE7B485.jpg?v=24472,346984
False,F,上身類,https://www.net-fashion.net/product/345647,TSUM圓領寬鬆T恤,299.0,,https://net.wimg.tw/files/1/products/345635_400_602E6B7BAE7B6A0.jpg?v=24472,345647
False,F,上身類,https://www.net-fashion.net/product/346956,太空米奇印花T恤,299.0,,https://net.wimg.tw/files/1/products/346948_400_804E7B4ABE889B2.jpg?v=24472,346956
False,F,上身類,https://www.net-fashion.net/product/349035,史迪奇印花短袖T恤,299.0,,https://net.wimg.tw/files/1/products/349035_400_002E799BDE889B2.jpg?v=24472,349035
False,F,上身類,https://www.net-fashion.net/product/349055,米奇剪影印花T恤,299.0,,https://net.wimg.tw/files/1/products/349047_400_900E9BB91E889B2.jpg?v=24472,349055
False,F,上身類,https://www.net-fashion.net/product/349015,雙色印字短袖T恤,259.0,,https://net.wimg.tw/files/1/products/349007_400_511E88AA5E9BB83.jpg?v=24472,349015
False,F,上身類,https://www.net-fashion.net/product/349584,迪士尼印字T恤,299.0,,https://net.wimg.tw/files/1/products/349580_400_206E58FAFE58FAFE889B2.jpg?v=24472,349584
False,F,上身類,https://www.net-fashion.net/product/348172,米奇後背印花T恤,299.0,,https://net.wimg.tw/files/1/products/348168_400_511E88AA5E9BB83.jpg?v=24472,348172
False,F,上身類,https://www.net-fashion.net/product/348160,米奇印花短袖T恤,299.0,,https://net.wimg.tw/files/1/products/348160_400_610E586B0E7B6A0.jpg?v=24472,348160
False,F,上身類,https://www.net-fashion.net/product/348148,史迪奇印花T恤,299.0,,https://net.wimg.tw/files/1/products/348144_400_304E781B0E7B4ABE7B485.jpg?v=24472,348148
False,F,上身類,https://www.net-fashion.net/product/345396,絲光棉連肩袖上衣,259.0,,https://net.wimg.tw/files/1/products/345388_400_625E5A2A8E7B6A0.jpg?v=24472,345396
False,F,上身類,https://www.net-fashion.net/product/346551,動物印花短袖T恤,,250.0,https://net.wimg.tw/files/1/products/346551_400_101E6B7BAE58DA1E585B6.jpg?v=24472,346551
False,F,上身類,https://www.net-fashion.net/product/341568,Bra細肩帶無接縫運動內衣,259.0,,https://net.wimg.tw/files/1/products/341564_400_401E7B289E6A998.jpg?v=24472,341568
False,F,上身類,https://www.net-fashion.net/product/346671,維尼印花長版T恤,359.0,,https://net.wimg.tw/files/1/products/346667_400_101E6B7BAE58DA1E585B6.jpg?v=24472,346671
False,F,上身類,https://www.net-fashion.net/product/346663,維尼假口袋長版T恤,299.0,,https://net.wimg.tw/files/1/products/346655_400_802E7B289E7B4AB.jpg?v=24472,346663
False,F,上身類,https://www.net-fashion.net/product/346615,植物印花落肩T恤,,250.0,https://net.wimg.tw/files/1/products/346607_400_900E9BB91E889B2.jpg?v=24472,346615
False,F,上身類,https://www.net-fashion.net/product/346547,手繪風景印花T恤,,250.0,https://net.wimg.tw/files/1/products/346539_400_900E9BB91E889B2.jpg?v=24472,346547
False,F,上身類,https://www.net-fashion.net/product/348793,彈性羅紋平口背心,99.0,,https://net.wimg.tw/files/1/products/348781_400_705E8978DE889B2.jpg?v=24472,348793
False,F,上身類,https://www.net-fashion.net/product/349536,純棉印字T恤,,250.0,https://net.wimg.tw/files/1/products/349528_400_605E6B7BAE69E9CE7B6A0.jpg?v=24472,349536
False,F,上身類,https://www.net-fashion.net/product/347928,迪士尼印花T恤,299.0,,https://net.wimg.tw/files/1/products/347920_400_802E7B289E7B4AB.jpg?v=24472,347928
False,F,上身類,https://www.net-fashion.net/product/349226,棉質寬圓領印花T恤,,199.0,https://net.wimg.tw/files/1/products/349221_400_509E9BAA5E9BB83.jpg?v=24472,349226
False,F,上身類,https://www.net-fashion.net/product/346778,寬圓領多色棉質T恤,,199.0,https://net.wimg.tw/files/1/products/346763_400_511E88AA5E9BB83.jpg?v=24472,346778
False,F,上身類,https://www.net-fashion.net/product/348895,玩具總動員手繪印花T恤,299.0,,https://net.wimg.tw/files/1/products/348891_400_602E6B7BAE7B6A0.jpg?v=24472,348895
False,F,上身類,https://www.net-fashion.net/product/348887,玩具總動員印花T恤,299.0,,https://net.wimg.tw/files/1/products/348875_400_804E7B4ABE889B2.jpg?v=24472,348887
False,F,上身類,https://www.net-fashion.net/product/348863,玩具總動員撞色印花T恤,299.0,,https://net.wimg.tw/files/1/products/348859_400_602E6B7BAE7B6A0.jpg?v=24472,348863
False,F,上身類,https://www.net-fashion.net/product/347040,米奇好朋友印花長版T恤,,250.0,https://net.wimg.tw/files/1/products/347036_400_711E4B888E99D92.jpg?v=24472,347040
False,F,上身類,https://www.net-fashion.net/product/348847,玩具總動員竹節棉印花T恤,299.0,,https://net.wimg.tw/files/1/products/348847_400_002E799BDE889B2.jpg?v=24472,348847
False,F,上身類,https://www.net-fashion.net/product/348967,簡約印字竹節棉T恤,,250.0,https://net.wimg.tw/files/1/products/348967_400_002E799BDE889B2.jpg?v=24472,348967
False,F,上身類,https://www.net-fashion.net/product/348843,皮諾丘印花T恤,299.0,,https://net.wimg.tw/files/1/products/348839_400_514E9BB83E889B2.jpg?v=24472,348843
False,F,上身類,https://www.net-fashion.net/product/347888,撞色印字短袖T恤,,250.0,https://net.wimg.tw/files/1/products/347880_400_900E9BB91E889B2.jpg?v=24472,347888
False,F,上身類,https://www.net-fashion.net/product/348963,戶外休憩竹節棉T恤,,250.0,https://net.wimg.tw/files/1/products/348955_400_711E4B888E99D92.jpg?v=24472,348963
False,F,上身類,https://www.net-fashion.net/product/346579,一束花手繪印花T恤,,250.0,https://net.wimg.tw/files/1/products/346579_400_101E6B7BAE58DA1E585B6.jpg?v=24472,346579
False,F,上身類,https://www.net-fashion.net/product/348947,反轉印字竹節棉T恤,,250.0,https://net.wimg.tw/files/1/products/348943_400_102E58DA1E585B6.jpg?v=24472,348947
False,F,上身類,https://www.net-fashion.net/product/348823,打褶收邊素色無袖上衣,259.0,,https://net.wimg.tw/files/1/products/348819_400_017E781B0E9BB91.jpg?v=24472,348823
False,F,上身類,https://www.net-fashion.net/product/348935,條紋英文印字T恤,,250.0,https://net.wimg.tw/files/1/products/348931_400_323E6A998E7B485.jpg?v=24472,348935
False,F,上身類,https://www.net-fashion.net/product/348919,側開岔風景照片長版T恤,359.0,,https://net.wimg.tw/files/1/products/348919_400_002E799BDE889B2.jpg?v=24472,348919
False,F,上身類,https://www.net-fashion.net/product/348807,寬領條紋短袖T恤,299.0,,https://net.wimg.tw/files/1/products/348799_400_704E4B8ADE8978D.jpg?v=24472,348807
False,F,上身類,https://www.net-fashion.net/product/346912,復古海灘風景印花T恤,,250.0,https://net.wimg.tw/files/1/products/346912_400_002E799BDE889B2.jpg?v=24472,346912
False,F,上身類,https://www.net-fashion.net/product/344054,傘狀V領雪紡背心,259.0,,https://net.wimg.tw/files/1/products/344054_400_004E8B1A1E78999E799BD.jpg?v=24472,344054
False,F,上身類,https://www.net-fashion.net/product/348911,素色竹節棉寬版T恤,199.0,,https://net.wimg.tw/files/1/products/348907_400_511E88AA5E9BB83.jpg?v=24472,348911
False,F,上身類,https://www.net-fashion.net/product/346892,素色竹節棉V領T恤,,199.0,https://net.wimg.tw/files/1/products/346888_400_102E58DA1E585B6.jpg?v=24472,346892
False,F,上身類,https://www.net-fashion.net/product/346860,基本素色圓領T恤,199.0,,https://net.wimg.tw/files/1/products/346848_400_616E781B0E7B6A0.jpg?v=24472,346860
False,F,上身類,https://www.net-fashion.net/product/352610,抽繩V領荷葉袖上衣,299.0,,https://net.wimg.tw/files/1/products/352610_400_605E6B7BAE69E9CE7B6A0.jpg?v=24472,352610
False,M,上身類,https://www.net-fashion.net/product/351443,星空地球印花T恤,299.0,,https://net.wimg.tw/files/1/products/351438_400_900E9BB91E889B2.jpg?v=24472,351443
False,M,上身類,https://www.net-fashion.net/product/351309,撞色拼接印字T恤,,233.0,https://net.wimg.tw/files/1/products/351309_400_023E6B7B1E9BABBE781B0.jpg?v=24472,351309
False,M,上身類,https://www.net-fashion.net/product/351410,線條鯨魚印花T恤,,233.0,https://net.wimg.tw/files/1/products/351406_400_704E4B8ADE8978D.jpg?v=24472,351410
False,M,上身類,https://www.net-fashion.net/product/351285,美國國旗印花T恤,,233.0,https://net.wimg.tw/files/1/products/351275_400_719E6B7B1E8978D.jpg?v=24472,351285
False,M,上身類,https://www.net-fashion.net/product/351384,台北101印花T恤,299.0,,https://net.wimg.tw/files/1/products/351384_400_106E9A79DE889B2.jpg?v=24472,351384
False,M,上身類,https://www.net-fashion.net/product/351480,DONE印字T恤,299.0,,https://net.wimg.tw/files/1/products/351480_400_001E99BAAE799BD.jpg?v=24472,351480
False,M,上身類,https://www.net-fashion.net/product/351099,拼接撞色T恤,,199.0,https://net.wimg.tw/files/1/products/351095_400_509E9BAA5E9BB83.jpg?v=24472,351099
False,M,上身類,https://www.net-fashion.net/product/350908,素面快適棉POLO衫,,250.0,https://net.wimg.tw/files/1/products/350908_400_001E99BAAE799BD.jpg?v=24472,350908
False,M,上身類,https://www.net-fashion.net/product/351472,台灣動物印花T恤,299.0,,https://net.wimg.tw/files/1/products/351468_400_616E781B0E7B6A0.jpg?v=24472,351472
False,M,上身類,https://www.net-fashion.net/product/351490,SECRET印字T恤,299.0,,https://net.wimg.tw/files/1/products/351490_400_001E99BAAE799BD.jpg?v=24472,351490
False,M,上身類,https://www.net-fashion.net/product/351366,無尾熊印花T恤,299.0,,https://net.wimg.tw/files/1/products/351356_400_732E6B996E6B0B4E8978D.jpg?v=24472,351366
False,M,上身類,https://www.net-fashion.net/product/351290,環遊世界印花T恤,,233.0,https://net.wimg.tw/files/1/products/351290_400_001E99BAAE799BD.jpg?v=24472,351290
False,M,上身類,https://www.net-fashion.net/product/351513,雙層領印字T恤,,233.0,https://net.wimg.tw/files/1/products/351500_400_720E69A97E5A49CE8978D.jpg?v=24472,351513
False,M,上身類,https://www.net-fashion.net/product/350903,直條色塊印花POLO衫,399.0,,https://net.wimg.tw/files/1/products/350898_400_711E4B888E99D92.jpg?v=24472,350903
False,M,上身類,https://www.net-fashion.net/product/350673,美式海錨印花T恤,,233.0,https://net.wimg.tw/files/1/products/350665_400_722E781B0E8978D.jpg?v=24472,350673
False,M,上身類,https://www.net-fashion.net/product/351463,SUPERNOVA印字T恤,299.0,,https://net.wimg.tw/files/1/products/351458_400_900E9BB91E889B2.jpg?v=24472,351463
False,M,上身類,https://www.net-fashion.net/product/351329,簡約文字T恤,,233.0,https://net.wimg.tw/files/1/products/351324_400_316E6B7BAE78EABE791B0.jpg?v=24472,351329
False,M,上身類,https://www.net-fashion.net/product/351575,StarWars滿版印花T恤,,233.0,https://net.wimg.tw/files/1/products/351570_400_026E99D92E799BD.jpg?v=24472,351575
False,M,上身類,https://www.net-fashion.net/product/351269,窄肩挖袖背心,199.0,,https://net.wimg.tw/files/1/products/351245_400_900E9BB91E889B2.jpg?v=24472,351269
False,M,上身類,https://www.net-fashion.net/product/351542,STEADAY印字T恤,,233.0,https://net.wimg.tw/files/1/products/351532_400_804E7B4ABE889B2.jpg?v=24472,351542
False,M,上身類,https://www.net-fashion.net/product/351561,StarWars印花T恤,,233.0,https://net.wimg.tw/files/1/products/351551_400_732E6B996E6B0B4E8978D.jpg?v=24472,351561
False,M,上身類,https://www.net-fashion.net/product/351523,英國國旗印花T恤,,233.0,https://net.wimg.tw/files/1/products/351518_400_324E7B485E889B2.jpg?v=24472,351523
False,M,上身類,https://www.net-fashion.net/product/351375,SUNSHINE印字T恤,299.0,,https://net.wimg.tw/files/1/products/351375_400_704E4B8ADE8978D.jpg?v=24472,351375
False,M,上身類,https://www.net-fashion.net/product/351209,單口袋V領T恤,,166.0,https://net.wimg.tw/files/1/products/351209_400_007E98A80E781B0.jpg?v=24472,351209
False,M,上身類,https://www.net-fashion.net/product/351197,圓領素面撞色T恤,199.0,,https://net.wimg.tw/files/1/products/351197_400_029E99CA7E781B0.jpg?v=24472,351197
False,M,上身類,https://www.net-fashion.net/product/351173,假兩件撞色V領T恤,,199.0,https://net.wimg.tw/files/1/products/351149_400_714E59C9FE880B3E585B6E8978D.jpg?v=24472,351173
False,M,上身類,https://www.net-fashion.net/product/351137,假兩件撞色圓領T恤,,199.0,https://net.wimg.tw/files/1/products/351107_400_726E88AB1E7B497E8978D.jpg?v=24472,351137
False,M,上身類,https://www.net-fashion.net/product/350737,窄肩印花挖背背心,,225.0,https://net.wimg.tw/files/1/products/350732_400_025E990B5E781B0.jpg?v=24472,350737
False,M,上身類,https://www.net-fashion.net/product/351193,拉克蘭袖印花T恤,,199.0,https://net.wimg.tw/files/1/products/351185_400_714E59C9FE880B3E585B6E8978D.jpg?v=24472,351193
False,M,上身類,https://www.net-fashion.net/product/351342,迷彩印字T恤,299.0,,https://net.wimg.tw/files/1/products/351342_400_001E99BAAE799BD.jpg?v=24472,351342
False,M,上身類,https://www.net-fashion.net/product/351418,標語印字T恤,,233.0,https://net.wimg.tw/files/1/products/351418_400_001E99BAAE799BD.jpg?v=24472,351418
False,M,上身類,https://www.net-fashion.net/product/350938,寬條紋POLO衫,399.0,,https://net.wimg.tw/files/1/products/350923_400_711E4B888E99D92.jpg?v=24472,350938
False,M,上身類,https://www.net-fashion.net/product/350883,跳色拼條POLO衫,,250.0,https://net.wimg.tw/files/1/products/350878_400_512E6B7B1E88AA5E9BB83.jpg?v=24472,350883
False,M,上身類,https://www.net-fashion.net/product/351053,單口袋圓領T恤,,166.0,https://net.wimg.tw/files/1/products/351035_400_407E781B0E6A998.jpg?v=24472,351053
False,M,上身類,https://www.net-fashion.net/product/351599,米奇設計印花T恤,,233.0,https://net.wimg.tw/files/1/products/351590_400_511E88AA5E9BB83.jpg?v=24472,351599
False,M,上身類,https://www.net-fashion.net/product/351392,美式印花T恤,,233.0,https://net.wimg.tw/files/1/products/351392_400_001E99BAAE799BD.jpg?v=24472,351392
False,M,上身類,https://www.net-fashion.net/product/351071,撞色領左袖印字T恤,199.0,,https://net.wimg.tw/files/1/products/351071_400_001E99BAAE799BD.jpg?v=24472,351071
False,M,上身類,https://www.net-fashion.net/product/349335,鈕釦領排汗POLO衫,,250.0,https://net.wimg.tw/files/1/products/349339_400_023E6B7B1E9BABBE781B0.jpg?v=24472,349335
False,M,上身類,https://www.net-fashion.net/product/349085,漫威標語短袖T恤,,233.0,https://net.wimg.tw/files/1/products/349080_400_804E7B4ABE889B2.jpg?v=24472,349085
False,M,上身類,https://www.net-fashion.net/product/347392,NET字樣假兩件印花T恤,,233.0,https://net.wimg.tw/files/1/products/347392_400_001E99BAAE799BD.jpg?v=24472,347392
False,M,上身類,https://www.net-fashion.net/product/350108,ROYAL印字T恤,199.0,,https://net.wimg.tw/files/1/products/350108_400_001E99BAAE799BD.jpg?v=24472,350108
False,M,上身類,https://www.net-fashion.net/product/349708,美國隊長盾牌T恤,,233.0,https://net.wimg.tw/files/1/products/349693_400_722E781B0E8978D.jpg?v=24472,349708
False,M,上身類,https://www.net-fashion.net/product/349104,MARVEL圓領短袖T恤,,233.0,https://net.wimg.tw/files/1/products/349109_400_704E4B8ADE8978D.jpg?v=24472,349104
False,M,上身類,https://www.net-fashion.net/product/350104,素面明線紋落肩T恤,350.0,,https://net.wimg.tw/files/1/products/350096_400_900E9BB91E889B2.jpg?v=24472,350104
False,M,上身類,https://www.net-fashion.net/product/347238,撞色附口袋印花T恤,299.0,,https://net.wimg.tw/files/1/products/347234_400_900E9BB91E889B2.jpg?v=24472,347238
False,M,上身類,https://www.net-fashion.net/product/349059,英文壓印短袖T恤,299.0,,https://net.wimg.tw/files/1/products/349059_400_001E99BAAE799BD.jpg?v=24472,349059
False,M,上身類,https://www.net-fashion.net/product/347058,FORWARD印字圓領T恤,,233.0,https://net.wimg.tw/files/1/products/347044_400_900E9BB91E889B2.jpg?v=24472,347058
False,M,上身類,https://www.net-fashion.net/product/348228,單口袋快適排汗圓領T恤,,166.0,https://net.wimg.tw/files/1/products/348210_400_733E5A49CE7A9BAE8978D.jpg?v=24472,348228
False,M,上身類,https://www.net-fashion.net/product/347407,滿版米奇印花短袖T恤,,233.0,https://net.wimg.tw/files/1/products/347402_400_017E781B0E9BB91.jpg?v=24472,347407
False,M,上身類,https://www.net-fashion.net/product/349353,1993寬版側開衩印花T恤,299.0,,https://net.wimg.tw/files/1/products/349353_400_301E781B0E7B289E7B485.jpg?v=24472,349353
False,M,上身類,https://www.net-fashion.net/product/349671,Nature印字T恤,,233.0,https://net.wimg.tw/files/1/products/349666_400_215E59296E595A1.jpg?v=24472,349671
False,M,上身類,https://www.net-fashion.net/product/349656,英文印字T恤,,233.0,https://net.wimg.tw/files/1/products/349647_400_704E4B8ADE8978D.jpg?v=24472,349656
False,M,上身類,https://www.net-fashion.net/product/349642,冰塊北極熊,,233.0,https://net.wimg.tw/files/1/products/349627_400_722E781B0E8978D.jpg?v=24472,349642
False,M,上身類,https://www.net-fashion.net/product/349623,Holiday印字T恤,,233.0,https://net.wimg.tw/files/1/products/349608_400_804E7B4ABE889B2.jpg?v=24472,349623
False,M,上身類,https://www.net-fashion.net/product/347368,1993英文字樣短袖T恤,,233.0,https://net.wimg.tw/files/1/products/347358_400_719E6B7B1E8978D.jpg?v=24472,347368
False,M,上身類,https://www.net-fashion.net/product/345895,落肩素色反摺袖T恤,199.0,,https://net.wimg.tw/files/1/products/345877_400_722E781B0E8978D.jpg?v=24472,345895
False,M,上身類,https://www.net-fashion.net/product/347219,快適排汗印花POLO衫,,250.0,https://net.wimg.tw/files/1/products/347214_400_706E79089E79283E8978D.jpg?v=24472,347219
False,M,上身類,https://www.net-fashion.net/product/345849,拉克蘭袖印字T恤,250.0,,https://net.wimg.tw/files/1/products/345853_400_511E88AA5E9BB83.jpg?v=24472,345849
False,M,上身類,https://www.net-fashion.net/product/347322,快適排汗機能V領T恤,,199.0,https://net.wimg.tw/files/1/products/347316_400_024E9BB91E9BABBE781B0.jpg?v=24472,347322
False,M,上身類,https://www.net-fashion.net/product/347179,透氣舒適機能POLO衫,,250.0,https://net.wimg.tw/files/1/products/347179_400_017E781B0E9BB91.jpg?v=24472,347179
False,M,上身類,https://www.net-fashion.net/product/347114,混色排汗POLO衫,,250.0,https://net.wimg.tw/files/1/products/347094_400_327E69A97E7B485.jpg?v=24472,347114
False,M,上身類,https://www.net-fashion.net/product/347154,馬球繡花POLO衫,,344.0,https://net.wimg.tw/files/1/products/347144_400_711E4B888E99D92.jpg?v=24472,347154
False,M,上身類,https://www.net-fashion.net/product/347174,獅子刺繡寬條紋POLO衫,,344.0,https://net.wimg.tw/files/1/products/347164_400_711E4B888E99D92.jpg?v=24472,347174
False,M,上身類,https://www.net-fashion.net/product/347063,骷髏印花短袖T恤,,233.0,https://net.wimg.tw/files/1/products/347063_400_020E6B7BAE9BABBE781B0.jpg?v=24472,347063
False,M,上身類,https://www.net-fashion.net/product/343554,素面網眼短袖POLO衫,,250.0,https://net.wimg.tw/files/1/products/343559_400_022E9BABBE781B0.jpg?v=24472,343554
False,M,上身類,https://www.net-fashion.net/product/349321,立體刺繡網眼POLO衫,,344.0,https://net.wimg.tw/files/1/products/349311_400_733E5A49CE7A9BAE8978D.jpg?v=24472,349321
False,M,上身類,https://www.net-fashion.net/product/347298,快適排汗機能圓領T恤,,199.0,https://net.wimg.tw/files/1/products/347262_400_714E59C9FE880B3E585B6E8978D.jpg?v=24472,347298
False,M,上身類,https://www.net-fashion.net/product/347242,NET字樣機能運動上衣,199.0,,https://net.wimg.tw/files/1/products/347242_400_615E781B0E6B996E7B6A0.jpg?v=24472,347242
False,M,上身類,https://www.net-fashion.net/product/344433,圓領落肩假兩件上衣,350.0,,https://net.wimg.tw/files/1/products/344425_400_509E9BAA5E9BB83.jpg?v=24472,344433
False,M,上身類,https://www.net-fashion.net/product/336877,TODAY字樣T恤,,233.0,https://net.wimg.tw/files/1/products/336877_400_001E99BAAE799BD.jpg?v=24472,336877
False,M,上身類,https://www.net-fashion.net/product/336810,方塊NET印字雙層領T恤,,233.0,https://net.wimg.tw/files/1/products/336792_400_900E9BB91E889B2.jpg?v=24472,336810
False,F,洋裝/連身褲,https://www.net-fashion.net/product/350569,毛怪印花雙口袋洋裝,399.0,,https://net.wimg.tw/files/1/products/350569_400_014E6B7B1E781B0.jpg?v=24472,350569
False,F,洋裝/連身褲,https://www.net-fashion.net/product/347847,休閒傘狀洋裝,399.0,,https://net.wimg.tw/files/1/products/347847_400_409E69A97E6A998.jpg?v=24472,347847
False,F,洋裝/連身褲,https://www.net-fashion.net/product/347843,圓領腰剪接洋裝,499.0,,https://net.wimg.tw/files/1/products/347843_400_031E9BB91E98EB3.jpg?v=24472,347843
False,F,洋裝/連身褲,https://www.net-fashion.net/product/345560,戶外旅行印花洋裝,399.0,,https://net.wimg.tw/files/1/products/345552_400_900E9BB91E889B2.jpg?v=24472,345560
False,F,洋裝/連身褲,https://www.net-fashion.net/product/347831,圓領素面洋裝,399.0,,https://net.wimg.tw/files/1/products/347831_400_106E9A79DE889B2.jpg?v=24472,347831
False,F,洋裝/連身褲,https://www.net-fashion.net/product/345484,縮腰V領五分袖洋裝,699.0,,https://net.wimg.tw/files/1/products/345480_400_705E8978DE889B2.jpg?v=24472,345484
False,F,洋裝/連身褲,https://www.net-fashion.net/product/346703,圓領簡約印字洋裝,399.0,,https://net.wimg.tw/files/1/products/346699_400_304E781B0E7B4ABE7B485.jpg?v=24472,346703
False,F,洋裝/連身褲,https://www.net-fashion.net/product/346434,隨興手繪家居洋裝,299.0,,https://net.wimg.tw/files/1/products/346434_400_022E9BABBE781B0.jpg?v=24472,346434
False,F,洋裝/連身褲,https://www.net-fashion.net/product/346474,碎花雪紡洋裝,699.0,,https://net.wimg.tw/files/1/products/346474_400_507E69D8FE889B2.jpg?v=24472,346474
False,F,洋裝/連身褲,https://www.net-fashion.net/product/345474,縮腰傘擺背心洋裝,599.0,,https://net.wimg.tw/files/1/products/345471_400_602E6B7BAE7B6A0.jpg?v=24472,345474
False,F,洋裝/連身褲,https://www.net-fashion.net/product/345378,絲光棉傘狀洋裝,399.0,,https://net.wimg.tw/files/1/products/345363_400_625E5A2A8E7B6A0.jpg?v=24472,345378
False,F,洋裝/連身褲,https://www.net-fashion.net/product/344605,軟料圓領背心洋裝,299.0,,https://net.wimg.tw/files/1/products/344600_400_720E69A97E5A49CE8978D.jpg?v=24472,344605
False,F,洋裝/連身褲,https://www.net-fashion.net/product/345524,棉麻圓領直筒洋裝,299.0,,https://net.wimg.tw/files/1/products/345524_400_511E88AA5E9BB83.jpg?v=24472,345524
False,F,洋裝/連身褲,https://www.net-fashion.net/product/346507,圓領背心洋裝,399.0,,https://net.wimg.tw/files/1/products/346507_400_626E6B7B1E7B6A0.jpg?v=24472,346507
False,F,洋裝/連身褲,https://www.net-fashion.net/product/347964,附口袋造型印字洋裝,499.0,,https://net.wimg.tw/files/1/products/347964_400_624E8A490E7B6A0.jpg?v=24472,347964
False,F,洋裝/連身褲,https://www.net-fashion.net/product/345544,印花背心洋裝,399.0,,https://net.wimg.tw/files/1/products/345540_400_301E781B0E7B289E7B485.jpg?v=24472,345544
False,F,洋裝/連身褲,https://www.net-fashion.net/product/344620,圓領貼袋洋裝,299.0,,https://net.wimg.tw/files/1/products/344615_400_326E7A39AE7B485.jpg?v=24472,344620
False,F,洋裝/連身褲,https://www.net-fashion.net/product/352590,華夫格背心洋裝,459.0,,https://net.wimg.tw/files/1/products/352590_400_002E799BDE889B2.jpg?v=24472,352590
False,F,下身類,https://www.net-fashion.net/product/350289,後鬆緊涼爽寬褲,459.0,,https://net.wimg.tw/files/1/products/350289_400_215E59296E595A1.jpg?v=24472,350289
False,F,下身類,https://www.net-fashion.net/product/350315,鬆緊排釦拼接傘裙,699.0,,https://net.wimg.tw/files/1/products/350312_400_900E9BB91E889B2.jpg?v=24472,350315
False,F,下身類,https://www.net-fashion.net/product/350546,運動機能合身印花長褲,499.0,,https://net.wimg.tw/files/1/products/350546_400_719E6B7B1E8978D.jpg?v=24472,350546
False,F,下身類,https://www.net-fashion.net/product/349936,後鬆緊光澤壓褶長褲,399.0,,https://net.wimg.tw/files/1/products/349936_400_102E58DA1E585B6.jpg?v=24472,349936
False,F,下身類,https://www.net-fashion.net/product/349952,鬆緊綁帶滑料寬褲,399.0,,https://net.wimg.tw/files/1/products/349952_400_215E59296E595A1.jpg?v=24472,349952
False,F,下身類,https://www.net-fashion.net/product/343404,側邊壓紋綁帶休閒短褲,299.0,,https://net.wimg.tw/files/1/products/343399_400_900E9BB91E889B2.jpg?v=24472,343404
False,F,下身類,https://www.net-fashion.net/product/345430,後鬆緊排釦打摺長裙,599.0,,https://net.wimg.tw/files/1/products/345430_400_110E4BA9EE9BABBE889B2.jpg?v=24472,345430
False,F,下身類,https://www.net-fashion.net/product/344841,健康布束口長褲,399.0,,https://net.wimg.tw/files/1/products/344841_400_719E6B7B1E8978D.jpg?v=24472,344841
False,F,下身類,https://www.net-fashion.net/product/349146,鬆緊涼感傘狀中裙,459.0,,https://net.wimg.tw/files/1/products/349146_400_205E6B7BAE6A395E889B2.jpg?v=24472,349146
False,F,下身類,https://www.net-fashion.net/product/349948,鬆緊腰頭壓褶寬褲,359.0,,https://net.wimg.tw/files/1/products/349944_400_900E9BB91E889B2.jpg?v=24472,349948
False,F,下身類,https://www.net-fashion.net/product/349452,腰鬆緊褲裙,299.0,,https://net.wimg.tw/files/1/products/349448_400_614E6B7BAE781B0E7B6A0.jpg?v=24472,349452
False,F,下身類,https://www.net-fashion.net/product/346478,鬆緊綁帶打褶中長寬褲,399.0,,https://net.wimg.tw/files/1/products/346478_400_624E8A490E7B6A0.jpg?v=24472,346478
False,F,下身類,https://www.net-fashion.net/product/349556,網紗拼接運動合身長褲,399.0,,https://net.wimg.tw/files/1/products/349552_400_900E9BB91E889B2.jpg?v=24472,349556
False,F,下身類,https://www.net-fashion.net/product/334236,高腰緊身窄管牛仔褲,,600.0,https://net.wimg.tw/files/1/products/334222_400_720E69A97E5A49CE8978D.jpg?v=24472,334236
False,F,下身類,https://www.net-fashion.net/product/333682,WIDEFIT高腰寬版牛仔褲,,600.0,https://net.wimg.tw/files/1/products/333664_400_719E6B7B1E8978D.jpg?v=24472,333682
False,F,下身類,https://www.net-fashion.net/product/333650,MOMFIT高腰錐形牛仔褲,,600.0,https://net.wimg.tw/files/1/products/333643_400_704E4B8ADE8978D.jpg?v=24472,333650
False,F,下身類,https://www.net-fashion.net/product/350526,側配條運動長褲,599.0,,https://net.wimg.tw/files/1/products/350526_400_900E9BB91E889B2.jpg?v=24472,350526
False,M,下身類,https://www.net-fashion.net/product/353150,RegularFit磨破束口牛仔褲,599.0,,https://net.wimg.tw/files/1/products/353145_400_703E6B7A1E8978D.jpg?v=24472,353150
False,M,下身類,https://www.net-fashion.net/product/353137,SlimFit修身磨破九分牛仔褲,699.0,,https://net.wimg.tw/files/1/products/353129_400_704E4B8ADE8978D.jpg?v=24472,353137
False,M,下身類,https://www.net-fashion.net/product/353009,鬆緊綁帶運動束口褲,599.0,,https://net.wimg.tw/files/1/products/353004_400_717E6B7B1E6B996E8978D.jpg?v=24472,353009
False,M,下身類,https://www.net-fashion.net/product/353168,SlimFit磨破九分牛仔褲,699.0,,https://net.wimg.tw/files/1/products/353160_400_704E4B8ADE8978D.jpg?v=24472,353168
False,M,下身類,https://www.net-fashion.net/product/352966,後鬆緊綁帶打褶九分褲,699.0,,https://net.wimg.tw/files/1/products/352966_400_023E6B7B1E9BABBE781B0.jpg?v=24472,352966
False,M,下身類,https://www.net-fashion.net/product/352930,SkinnyFit窄管西裝長褲,,549.0,https://net.wimg.tw/files/1/products/352912_400_023E6B7B1E9BABBE781B0.jpg?v=24472,352930
False,M,下身類,https://www.net-fashion.net/product/353100,RegularFit刷色牛仔褲,,600.0,https://net.wimg.tw/files/1/products/353082_400_719E6B7B1E8978D.jpg?v=24472,353100
False,M,下身類,https://www.net-fashion.net/product/353109,RegularFit束口牛仔褲,599.0,,https://net.wimg.tw/files/1/products/353109_400_701E6B7BAE8978D.jpg?v=24472,353109
False,M,下身類,https://www.net-fashion.net/product/352501,休閒綁帶束口褲,599.0,,https://net.wimg.tw/files/1/products/352501_400_013E781B0E889B2.jpg?v=24472,352501
False,M,下身類,https://www.net-fashion.net/product/352224,RegularFit牛仔短褲,,500.0,https://net.wimg.tw/files/1/products/352224_400_701E6B7BAE8978D.jpg?v=24472,352224
False,M,下身類,https://www.net-fashion.net/product/352208,SlimFit刷破牛仔短褲,,500.0,https://net.wimg.tw/files/1/products/352208_400_701E6B7BAE8978D.jpg?v=24472,352208
False,M,下身類,https://www.net-fashion.net/product/351015,印字鬆緊綁帶短褲,299.0,,https://net.wimg.tw/files/1/products/351010_400_014E6B7B1E781B0.jpg?v=24472,351015
False,M,下身類,https://www.net-fashion.net/product/351000,兩側印字鬆緊綁帶短褲,299.0,,https://net.wimg.tw/files/1/products/351000_400_706E79089E79283E8978D.jpg?v=24472,351000
False,M,下身類,https://www.net-fashion.net/product/350965,下擺配條鬆緊綁帶短褲,299.0,,https://net.wimg.tw/files/1/products/350955_400_325E6B7B1E7B485.jpg?v=24472,350965
False,M,下身類,https://www.net-fashion.net/product/350686,機能鬆緊綁帶短褲,250.0,,https://net.wimg.tw/files/1/products/350681_400_012E4B8ADE781B0.jpg?v=24472,350686
False,M,下身類,https://www.net-fashion.net/product/350724,左側印字鬆緊綁帶短褲,250.0,,https://net.wimg.tw/files/1/products/350716_400_733E5A49CE7A9BAE8978D.jpg?v=24472,350724
False,M,下身類,https://www.net-fashion.net/product/350846,RegularFit百慕達短褲,,399.0,https://net.wimg.tw/files/1/products/350752_400_705E8978DE889B2.jpg?v=24472,350846
False,M,下身類,https://www.net-fashion.net/product/345651,運動後剪接印字短褲,299.0,,https://net.wimg.tw/files/1/products/345651_400_022E9BABBE781B0.jpg?v=24472,345651
False,M,下身類,https://www.net-fashion.net/product/345785,鬆緊綁帶工作短褲,559.0,,https://net.wimg.tw/files/1/products/345775_400_624E8A490E7B6A0.jpg?v=24472,345785
True,F,上身類,https://www.net-fashion.net/product/353297,滾邊印字合身短版T恤,259.0,,https://net.wimg.tw/files/1/products/353293_400_900E9BB91E889B2.jpg?v=24472,353297
True,F,上身類,https://www.net-fashion.net/product/348136,奇奇蒂蒂漫畫落肩T恤,299.0,,https://net.wimg.tw/files/1/products/348132_400_401E7B289E6A998.jpg?v=24472,348136
True,F,上身類,https://www.net-fashion.net/product/346803,素面反摺袖圓領T恤,,199.0,https://net.wimg.tw/files/1/products/346793_400_322E78F8AE7919AE7B485.jpg?v=24472,346803
True,F,上身類,https://www.net-fashion.net/product/346462,抓皺V領法式袖上衣,299.0,,https://net.wimg.tw/files/1/products/346462_400_002E799BDE889B2.jpg?v=24472,346462
True,F,上身類,https://www.net-fashion.net/product/345343,V領雪紡荷葉背心,399.0,,https://net.wimg.tw/files/1/products/345339_400_800E6B7BAE7B4AB.jpg?v=24472,345343
True,F,上身類,https://www.net-fashion.net/product/346747,台灣美食印花T恤,299.0,,https://net.wimg.tw/files/1/products/346747_400_105E6B7BAE9A79DE889B2.jpg?v=24472,346747
True,F,上身類,https://www.net-fashion.net/product/347984,素色竹節棉寬肩背心,,175.0,https://net.wimg.tw/files/1/products/347976_400_326E7A39AE7B485.jpg?v=24472,347984
True,F,上身類,https://www.net-fashion.net/product/345520,公主印花寬鬆T恤,299.0,,https://net.wimg.tw/files/1/products/345512_400_801E6B7BAE781B0E7B4AB.jpg?v=24472,345520
True,F,上身類,https://www.net-fashion.net/product/348064,滿版印花圓領T恤,,199.0,https://net.wimg.tw/files/1/products/348060_400_027E5A5B6E6B2B9E799BD.jpg?v=24472,348064
True,F,上身類,https://www.net-fashion.net/product/345421,細肩帶碎花背心,299.0,,https://net.wimg.tw/files/1/products/345415_400_606E5ABA9E88ABDE7B6A0.jpg?v=24472,345421
True,F,上身類,https://www.net-fashion.net/product/338672,手繪動物印花T恤,,250.0,https://net.wimg.tw/files/1/products/338668_400_900E9BB91E889B2.jpg?v=24472,338672
True,F,上身類,https://www.net-fashion.net/product/335388,棉質V領抓皺上衣,499.0,,https://net.wimg.tw/files/1/products/335384_400_700E6B7BAE7B289E8978D.jpg?v=24472,335388
True,F,上身類,https://www.net-fashion.net/product/338377,素面反摺袖上衣,359.0,,https://net.wimg.tw/files/1/products/338365_400_705E8978DE889B2.jpg?v=24472,338377
True,F,上身類,https://www.net-fashion.net/product/344925,米奇印花落肩長版T恤,359.0,,https://net.wimg.tw/files/1/products/344921_400_511E88AA5E9BB83.jpg?v=24472,344925
True,F,上身類,https://www.net-fashion.net/product/348052,素色竹節棉圓領T恤,,199.0,https://net.wimg.tw/files/1/products/348036_400_511E88AA5E9BB83.jpg?v=24472,348052
True,F,上身類,https://www.net-fashion.net/product/344700,捲邊羅紋短版上衣,199.0,,https://net.wimg.tw/files/1/products/344724_400_002E799BDE889B2.jpg?v=24472,344700
True,F,上身類,https://www.net-fashion.net/product/347936,亞麻V面開釦背心,459.0,,https://net.wimg.tw/files/1/products/347932_400_201E6A395E889B2.jpg?v=24472,347936
True,F,上身類,https://www.net-fashion.net/product/344913,迪士尼落肩寬鬆T恤,299.0,,https://net.wimg.tw/files/1/products/344905_400_605E6B7BAE69E9CE7B6A0.jpg?v=24472,344913
True,F,上身類,https://www.net-fashion.net/product/343366,短版印花POLO衫,,299.0,https://net.wimg.tw/files/1/products/343362_400_002E799BDE889B2.jpg?v=24472,343366
True,F,上身類,https://www.net-fashion.net/product/344805,下擺圓弧印花運動上衣,359.0,,https://net.wimg.tw/files/1/products/344801_400_605E6B7BAE69E9CE7B6A0.jpg?v=24472,344805
True,F,上身類,https://www.net-fashion.net/product/344791,圓領字樣運動上衣,299.0,,https://net.wimg.tw/files/1/products/344791_400_023E6B7B1E9BABBE781B0.jpg?v=24472,344791
True,F,上身類,https://www.net-fashion.net/product/347896,純棉雙色印字T恤,,250.0,https://net.wimg.tw/files/1/products/347892_400_505E6B7BAE9BB83.jpg?v=24472,347896
True,F,上身類,https://www.net-fashion.net/product/347876,印字落肩長板T恤,359.0,,https://net.wimg.tw/files/1/products/347868_400_900E9BB91E889B2.jpg?v=24472,347876
True,F,上身類,https://www.net-fashion.net/product/344772,相機錄音帶印花短版T恤,,250.0,https://net.wimg.tw/files/1/products/344768_400_900E9BB91E889B2.jpg?v=24472,344772
True,F,上身類,https://www.net-fashion.net/product/344752,動物印花落肩T恤,,250.0,https://net.wimg.tw/files/1/products/344760_400_101E6B7BAE58DA1E585B6.jpg?v=24472,344752
True,F,上身類,https://www.net-fashion.net/product/343250,細肩V領寬襬背心,259.0,,https://net.wimg.tw/files/1/products/343250_400_003E7B1B3E799BD.jpg?v=24472,343250
True,F,上身類,https://www.net-fashion.net/product/344688,條紋V領羅紋上衣,199.0,,https://net.wimg.tw/files/1/products/344688_400_003E7B1B3E799BD.jpg?v=24472,344688
True,F,上身類,https://www.net-fashion.net/product/344744,草寫印字T恤,,250.0,https://net.wimg.tw/files/1/products/344740_400_505E6B7BAE9BB83.jpg?v=24472,344744
True,F,上身類,https://www.net-fashion.net/product/346687,寬鬆字樣短版背心,199.0,,https://net.wimg.tw/files/1/products/346683_400_605E6B7BAE69E9CE7B6A0.jpg?v=24472,346687
True,F,上身類,https://www.net-fashion.net/product/343332,印花短袖POLO衫,,299.0,https://net.wimg.tw/files/1/products/343327_400_003E7B1B3E799BD.jpg?v=24472,343332
True,F,上身類,https://www.net-fashion.net/product/343347,娃娃領短袖POLO衫,,299.0,https://net.wimg.tw/files/1/products/343342_400_314E7B289E7B485.jpg?v=24472,343347
True,F,上身類,https://www.net-fashion.net/product/344877,羅紋五分袖合身上衣,259.0,,https://net.wimg.tw/files/1/products/344869_400_511E88AA5E9BB83.jpg?v=24472,344877
True,F,上身類,https://www.net-fashion.net/product/344640,坑樤合身V領背心,119.0,,https://net.wimg.tw/files/1/products/344640_400_205E6B7BAE6A395E889B2.jpg?v=24472,344640
True,F,上身類,https://www.net-fashion.net/product/348104,滿版印花V領T恤,,199.0,https://net.wimg.tw/files/1/products/348092_400_730E8978DE7B4AB.jpg?v=24472,348104
True,F,上身類,https://www.net-fashion.net/product/344776,圓領針織運動上衣,259.0,,https://net.wimg.tw/files/1/products/344776_400_023E6B7B1E9BABBE781B0.jpg?v=24472,344776
True,F,上身類,https://www.net-fashion.net/product/347016,彼得潘小精靈短版T恤,299.0,,https://net.wimg.tw/files/1/products/347016_400_002E799BDE889B2.jpg?v=24472,347016
True,F,上身類,https://www.net-fashion.net/product/346631,寬鬆街頭字樣長版T恤,299.0,,https://net.wimg.tw/files/1/products/346639_400_002E799BDE889B2.jpg?v=24472,346631
True,F,上身類,https://www.net-fashion.net/product/341556,Bra後交叉運動短版背心,399.0,,https://net.wimg.tw/files/1/products/341556_400_023E6B7B1E9BABBE781B0.jpg?v=24472,341556
True,F,上身類,https://www.net-fashion.net/product/344077,運動側邊織帶上衣,299.0,,https://net.wimg.tw/files/1/products/344082_400_401E7B289E6A998.jpg?v=24472,344077
True,F,上身類,https://www.net-fashion.net/product/345627,快適棉連肩袖T恤,259.0,,https://net.wimg.tw/files/1/products/345631_400_616E781B0E7B6A0.jpg?v=24472,345627
True,F,上身類,https://www.net-fashion.net/product/344097,運動圓領網眼上衣,259.0,,https://net.wimg.tw/files/1/products/344092_400_702E7B289E8978D.jpg?v=24472,344097
True,F,上身類,https://www.net-fashion.net/product/345609,快適棉素面T恤,259.0,,https://net.wimg.tw/files/1/products/345594_400_616E781B0E7B6A0.jpg?v=24472,345609
True,F,上身類,https://www.net-fashion.net/product/345576,細肩捲邊短版羅紋背心,159.0,,https://net.wimg.tw/files/1/products/345576_400_102E58DA1E585B6.jpg?v=24472,345576
True,F,上身類,https://www.net-fashion.net/product/341524,無接縫運動圓領上衣,259.0,,https://net.wimg.tw/files/1/products/341524_400_023E6B7B1E9BABBE781B0.jpg?v=24472,341524
True,F,上身類,https://www.net-fashion.net/product/344122,運動網眼上衣,259.0,,https://net.wimg.tw/files/1/products/344126_400_702E7B289E8978D.jpg?v=24472,344122
True,F,上身類,https://www.net-fashion.net/product/344107,運動網眼拉客蘭袖上衣,299.0,,https://net.wimg.tw/files/1/products/344112_400_401E7B289E6A998.jpg?v=24472,344107
True,F,上身類,https://www.net-fashion.net/product/344809,運動挖背印花背心,399.0,,https://net.wimg.tw/files/1/products/344809_400_301E781B0E7B289E7B485.jpg?v=24472,344809
True,F,上身類,https://www.net-fashion.net/product/344062,運動拉克蘭袖上衣,259.0,,https://net.wimg.tw/files/1/products/344072_400_003E7B1B3E799BD.jpg?v=24472,344062
True,F,上身類,https://www.net-fashion.net/product/343447,台灣黑熊印花T恤,299.0,,https://net.wimg.tw/files/1/products/343439_400_703E6B7A1E8978D.jpg?v=24472,343447
True,F,上身類,https://www.net-fashion.net/product/344543,開V立領雪紡上衣,359.0,,https://net.wimg.tw/files/1/products/344543_400_001E99BAAE799BD.jpg?v=24472,344543
True,F,上身類,https://www.net-fashion.net/product/344363,圓領素面寬肩背心,,99.0,https://net.wimg.tw/files/1/products/344355_400_501E5A5B6E6B2B9E9BB83.jpg?v=24472,344363
True,F,上身類,https://www.net-fashion.net/product/343226,滑面反摺短袖上衣,259.0,,https://net.wimg.tw/files/1/products/343222_400_105E6B7BAE9A79DE889B2.jpg?v=24472,343226
True,F,上身類,https://www.net-fashion.net/product/344022,素色連肩袖V領上衣,399.0,,https://net.wimg.tw/files/1/products/344030_400_002E799BDE889B2.jpg?v=24472,344022
True,F,上身類,https://www.net-fashion.net/product/343218,素面寬鬆柔軟背心,199.0,,https://net.wimg.tw/files/1/products/343202_400_900E9BB91E889B2.jpg?v=24472,343218
True,F,上身類,https://www.net-fashion.net/product/345508,麻棉動物印花T恤,,250.0,https://net.wimg.tw/files/1/products/345508_400_513E6988EE9BB83E889B2.jpg?v=24472,345508
True,F,上身類,https://www.net-fashion.net/product/344664,純棉英文印字寬鬆T恤,,250.0,https://net.wimg.tw/files/1/products/344660_400_106E9A79DE889B2.jpg?v=24472,344664
True,F,上身類,https://www.net-fashion.net/product/344893,水果印花寬鬆T恤,,250.0,https://net.wimg.tw/files/1/products/344893_400_002E799BDE889B2.jpg?v=24472,344893
True,F,上身類,https://www.net-fashion.net/product/344420,素色V領合身T恤,,199.0,https://net.wimg.tw/files/1/products/344395_400_900E9BB91E889B2.jpg?v=24472,344420
True,F,上身類,https://www.net-fashion.net/product/343319,綁帶棉麻法式袖上衣,499.0,,https://net.wimg.tw/files/1/products/343311_400_101E6B7BAE58DA1E585B6.jpg?v=24472,343319
True,F,上身類,https://www.net-fashion.net/product/343278,純棉公主澎袖上衣,199.0,,https://net.wimg.tw/files/1/products/343270_400_801E6B7BAE781B0E7B4AB.jpg?v=24472,343278
True,F,上身類,https://www.net-fashion.net/product/342505,風景相片印花長版T恤,359.0,,https://net.wimg.tw/files/1/products/342497_400_900E9BB91E889B2.jpg?v=24472,342505
True,F,上身類,https://www.net-fashion.net/product/341548,DRY彈性POLO衫,,299.0,https://net.wimg.tw/files/1/products/341552_400_703E6B7A1E8978D.jpg?v=24472,341548
True,F,上身類,https://www.net-fashion.net/product/342237,多色素面細肩帶背心,99.0,,https://net.wimg.tw/files/1/products/342249_400_501E5A5B6E6B2B9E9BB83.jpg?v=24472,342237
True,F,上身類,https://www.net-fashion.net/product/342517,反派迪士尼角色印花T恤,299.0,,https://net.wimg.tw/files/1/products/342509_400_900E9BB91E889B2.jpg?v=24472,342517
True,F,上身類,https://www.net-fashion.net/product/342397,素色單口袋寬鬆T恤,259.0,,https://net.wimg.tw/files/1/products/342393_400_514E9BB83E889B2.jpg?v=24472,342397
True,F,上身類,https://www.net-fashion.net/product/342345,素面挖背背心,,99.0,https://net.wimg.tw/files/1/products/342341_400_803E6B7A1E7B4AB.jpg?v=24472,342345
True,F,上身類,https://www.net-fashion.net/product/342081,基本彈力短袖POLO衫,,299.0,https://net.wimg.tw/files/1/products/342071_400_513E6988EE9BB83E889B2.jpg?v=24472,342081
True,F,上身類,https://www.net-fashion.net/product/341484,羅紋V領多色T恤,199.0,,https://net.wimg.tw/files/1/products/341480_400_705E8978DE889B2.jpg?v=24472,341484
True,F,上身類,https://www.net-fashion.net/product/342464,滿版印花合身T恤,,199.0,https://net.wimg.tw/files/1/products/342454_400_901E99CA7E9BB91.jpg?v=24472,342464
True,F,上身類,https://www.net-fashion.net/product/342434,基本合身滿版印花T恤,,199.0,https://net.wimg.tw/files/1/products/342409_400_804E7B4ABE889B2.jpg?v=24472,342434
True,F,上身類,https://www.net-fashion.net/product/342377,棉質印花背心,199.0,,https://net.wimg.tw/files/1/products/342373_400_513E6988EE9BB83E889B2.jpg?v=24472,342377
True,F,上身類,https://www.net-fashion.net/product/342261,基本細肩帶V領背心,99.0,,https://net.wimg.tw/files/1/products/342257_400_022E9BABBE781B0.jpg?v=24472,342261
True,F,上身類,https://www.net-fashion.net/product/342028,軟料連袖圓領上衣,299.0,,https://net.wimg.tw/files/1/products/342013_400_731E6B7B1E6B5B7E8978D.jpg?v=24472,342028
True,F,上身類,https://www.net-fashion.net/product/339501,經典星際大戰印字T恤,299.0,,https://net.wimg.tw/files/1/products/339497_400_014E6B7B1E781B0.jpg?v=24472,339501
True,F,上身類,https://www.net-fashion.net/product/339377,基本素色合身背心,,175.0,https://net.wimg.tw/files/1/products/339381_400_802E7B289E7B4AB.jpg?v=24472,339377
True,F,上身類,https://www.net-fashion.net/product/339415,基本合身小圓領T恤,,199.0,https://net.wimg.tw/files/1/products/339385_400_701E6B7BAE8978D.jpg?v=24472,339415
True,F,上身類,https://www.net-fashion.net/product/342485,風景相片印花T恤,,250.0,https://net.wimg.tw/files/1/products/342489_400_105E6B7BAE9A79DE889B2.jpg?v=24472,342485
True,F,上身類,https://www.net-fashion.net/product/344295,刺繡網眼短袖POLO衫,,299.0,https://net.wimg.tw/files/1/products/344295_400_001E99BAAE799BD.jpg?v=24472,344295
True,F,上身類,https://www.net-fashion.net/product/341596,軟料綁帶襯衫領背心,359.0,,https://net.wimg.tw/files/1/products/341600_400_026E99D92E799BD.jpg?v=24472,341596
True,F,上身類,https://www.net-fashion.net/product/341452,基本素色羅紋背心,,175.0,https://net.wimg.tw/files/1/products/341436_400_900E9BB91E889B2.jpg?v=24472,341452
True,F,上身類,https://www.net-fashion.net/product/342309,素色細肩帶長版背心,,175.0,https://net.wimg.tw/files/1/products/342297_400_900E9BB91E889B2.jpg?v=24472,342309
True,F,上身類,https://www.net-fashion.net/product/342361,細肩帶平口短版背心,159.0,,https://net.wimg.tw/files/1/products/342357_400_206E58FAFE58FAFE889B2.jpg?v=24472,342361
True,F,上身類,https://www.net-fashion.net/product/338740,基本緹花布POLO杉,,299.0,https://net.wimg.tw/files/1/products/338740_400_308E6B7BAE6A183E7B485.jpg?v=24472,338740
True,F,上身類,https://www.net-fashion.net/product/339435,基本合身圓領T恤,,199.0,https://net.wimg.tw/files/1/products/339450_400_002E799BDE889B2.jpg?v=24472,339435
True,F,上身類,https://www.net-fashion.net/product/339475,基本合身圓領T恤,,199.0,https://net.wimg.tw/files/1/products/339435_400_722E781B0E8978D.jpg?v=24472,339475
True,F,上身類,https://www.net-fashion.net/product/341303,基本素色軟料T恤,199.0,,https://net.wimg.tw/files/1/products/341291_400_900E9BB91E889B2.jpg?v=24472,341303
True,F,上身類,https://www.net-fashion.net/product/341153,雪紡短袖上衣,359.0,,https://net.wimg.tw/files/1/products/341157_400_002E799BDE889B2.jpg?v=24472,341153
True,F,上身類,https://www.net-fashion.net/product/340952,Bra涼感細肩帶背心,399.0,,https://net.wimg.tw/files/1/products/340956_400_400E6B7BAE7B289E6A998.jpg?v=24472,340952
True,F,上身類,https://www.net-fashion.net/product/341351,傘狀V領雪紡背心,259.0,,https://net.wimg.tw/files/1/products/341343_400_900E9BB91E889B2.jpg?v=24472,341351
True,F,上身類,https://www.net-fashion.net/product/341516,領型剪接五分袖上衣,259.0,,https://net.wimg.tw/files/1/products/341520_400_626E6B7B1E7B6A0.jpg?v=24472,341516
True,F,上身類,https://www.net-fashion.net/product/341464,羅紋蕾絲V領背心,,175.0,https://net.wimg.tw/files/1/products/341460_400_804E7B4ABE889B2.jpg?v=24472,341464
True,F,上身類,https://www.net-fashion.net/product/341206,荷葉袖V領雪紡上衣,399.0,,https://net.wimg.tw/files/1/products/341201_400_626E6B7B1E7B6A0.jpg?v=24472,341206
True,F,上身類,https://www.net-fashion.net/product/341137,棉麻反摺袖排釦上衣,499.0,,https://net.wimg.tw/files/1/products/341141_400_003E7B1B3E799BD.jpg?v=24472,341137
True,F,上身類,https://www.net-fashion.net/product/341508,羅紋寬領五分袖上衣,259.0,,https://net.wimg.tw/files/1/products/341496_400_900E9BB91E889B2.jpg?v=24472,341508
True,F,上身類,https://www.net-fashion.net/product/342037,軟料連袖V領上衣,299.0,,https://net.wimg.tw/files/1/products/342033_400_623E8BB8DE7B6A0.jpg?v=24472,342037
True,F,上身類,https://www.net-fashion.net/product/341335,雪紡圓領背心,259.0,,https://net.wimg.tw/files/1/products/341319_400_900E9BB91E889B2.jpg?v=24472,341335
True,F,上身類,https://www.net-fashion.net/product/341189,氣質V領短袖上衣,399.0,,https://net.wimg.tw/files/1/products/341189_400_002E799BDE889B2.jpg?v=24472,341189
True,F,上身類,https://www.net-fashion.net/product/341181,碎花傘袖V領上衣,399.0,,https://net.wimg.tw/files/1/products/341173_400_514E9BB83E889B2.jpg?v=24472,341181
True,F,上身類,https://www.net-fashion.net/product/341165,下擺抓皺傘袖雪紡上衣,399.0,,https://net.wimg.tw/files/1/products/341161_400_002E799BDE889B2.jpg?v=24472,341165
True,F,上身類,https://www.net-fashion.net/product/341053,軟料開V立領背心,399.0,,https://net.wimg.tw/files/1/products/341053_400_102E58DA1E585B6.jpg?v=24472,341053
True,F,上身類,https://www.net-fashion.net/product/338676,動物印花T恤,,250.0,https://net.wimg.tw/files/1/products/338676_400_002E799BDE889B2.jpg?v=24472,338676
True,F,上身類,https://www.net-fashion.net/product/336780,純棉抽皺短袖上衣,399.0,,https://net.wimg.tw/files/1/products/336780_400_101E6B7BAE58DA1E585B6.jpg?v=24472,336780
True,F,上身類,https://www.net-fashion.net/product/338652,手繪人物印花T恤,,250.0,https://net.wimg.tw/files/1/products/338660_400_002E799BDE889B2.jpg?v=24472,338652
True,F,上身類,https://www.net-fashion.net/product/339493,懷舊相片印花長版T恤,359.0,,https://net.wimg.tw/files/1/products/339485_400_900E9BB91E889B2.jpg?v=24472,339493
True,F,上身類,https://www.net-fashion.net/product/338783,襯衫領棉麻背心,459.0,,https://net.wimg.tw/files/1/products/338783_400_001E99BAAE799BD.jpg?v=24472,338783
True,F,上身類,https://www.net-fashion.net/product/336724,蕾絲拼接雪紡上衣,499.0,,https://net.wimg.tw/files/1/products/336724_400_002E799BDE889B2.jpg?v=24472,336724
True,F,上身類,https://www.net-fashion.net/product/338802,下擺抽繩背心,359.0,,https://net.wimg.tw/files/1/products/338799_400_013E781B0E889B2.jpg?v=24472,338802
True,F,上身類,https://www.net-fashion.net/product/338644,純棉網紗袖上衣,299.0,,https://net.wimg.tw/files/1/products/338648_400_002E799BDE889B2.jpg?v=24472,338644
True,F,上身類,https://www.net-fashion.net/product/338463,綁帶方領背心,299.0,,https://net.wimg.tw/files/1/products/338466_400_002E799BDE889B2.jpg?v=24472,338463
True,F,上身類,https://www.net-fashion.net/product/338759,純棉襯衫領背心,,299.0,https://net.wimg.tw/files/1/products/338755_400_110E4BA9EE9BABBE889B2.jpg?v=24472,338759
True,M,上身類,https://www.net-fashion.net/product/334105,基本素面V領T恤,,166.0,https://net.wimg.tw/files/1/products/334099_400_020E6B7BAE9BABBE781B0.jpg?v=24472,334105
True,M,上身類,https://www.net-fashion.net/product/334147,素色V領獅子刺繡T恤,,166.0,https://net.wimg.tw/files/1/products/334135_400_718E6B5B7E8BB8DE8978D.jpg?v=24472,334147
True,M,上身類,https://www.net-fashion.net/product/345750,寬肩圓領機能背心,,225.0,https://net.wimg.tw/files/1/products/345750_400_029E99CA7E781B0.jpg?v=24472,345750
True,M,上身類,https://www.net-fashion.net/product/334037,基本素面圓領T恤,,166.0,https://net.wimg.tw/files/1/products/334013_400_718E6B5B7E8BB8DE8978D.jpg?v=24472,334037
True,M,上身類,https://www.net-fashion.net/product/345735,寬肩V領胸前印花背心,,225.0,https://net.wimg.tw/files/1/products/345725_400_328E98592E7B485.jpg?v=24472,345735
True,M,上身類,https://www.net-fashion.net/product/345705,色塊剪接機能上衣,,199.0,https://net.wimg.tw/files/1/products/345705_400_024E9BB91E9BABBE781B0.jpg?v=24472,345705
True,M,上身類,https://www.net-fashion.net/product/345699,剪接印花機能上衣,299.0,,https://net.wimg.tw/files/1/products/345681_400_731E6B7B1E6B5B7E8978D.jpg?v=24472,345699
True,M,上身類,https://www.net-fashion.net/product/335955,素面口袋短袖POLO衫,,250.0,https://net.wimg.tw/files/1/products/335935_400_711E4B888E99D92.jpg?v=24472,335955
True,M,上身類,https://www.net-fashion.net/product/334061,小鳥刺繡圓領T恤,,166.0,https://net.wimg.tw/files/1/products/334061_400_007E98A80E781B0.jpg?v=24472,334061
True,M,上身類,https://www.net-fashion.net/product/345807,素色圓領假兩件T恤,199.0,,https://net.wimg.tw/files/1/products/345807_400_001E99BAAE799BD.jpg?v=24472,345807
True,M,上身類,https://www.net-fashion.net/product/345873,三色塊拼接T恤,299.0,,https://net.wimg.tw/files/1/products/345857_400_722E781B0E8978D.jpg?v=24472,345873
True,M,上身類,https://www.net-fashion.net/product/343684,寬細條單口袋T恤,299.0,,https://net.wimg.tw/files/1/products/343684_400_105E6B7BAE9A79DE889B2.jpg?v=24472,343684
True,M,上身類,https://www.net-fashion.net/product/343493,條紋撞色短袖T恤,299.0,,https://net.wimg.tw/files/1/products/343488_400_409E69A97E6A998.jpg?v=24472,343493
True,M,上身類,https://www.net-fashion.net/product/345949,素色V領假兩件T恤,199.0,,https://net.wimg.tw/files/1/products/345913_400_722E781B0E8978D.jpg?v=24472,345949
True,M,上身類,https://www.net-fashion.net/product/344958,美式冠軍印花T恤,,233.0,https://net.wimg.tw/files/1/products/344958_400_001E99BAAE799BD.jpg?v=24472,344958
True,M,上身類,https://www.net-fashion.net/product/345976,Suprise印字假兩件T恤,,233.0,https://net.wimg.tw/files/1/products/345961_400_900E9BB91E889B2.jpg?v=24472,345976
True,M,上身類,https://www.net-fashion.net/product/335805,素面短袖POLO衫,,250.0,https://net.wimg.tw/files/1/products/335810_400_001E99BAAE799BD.jpg?v=24472,335805
True,M,上身類,https://www.net-fashion.net/product/333577,素色小鳥刺繡圓領T恤,,166.0,https://net.wimg.tw/files/1/products/333589_400_001E99BAAE799BD.jpg?v=24472,333577
True,M,上身類,https://www.net-fashion.net/product/339712,L&F素色圓領T恤,,199.0,https://net.wimg.tw/files/1/products/339708_400_509E9BAA5E9BB83.jpg?v=24472,339712
True,M,上身類,https://www.net-fashion.net/product/339847,前後撞色運動上衣,299.0,,https://net.wimg.tw/files/1/products/339842_400_713E586B0E8978D.jpg?v=24472,339847
True,M,上身類,https://www.net-fashion.net/product/340122,單口袋機能短袖POLO衫,,250.0,https://net.wimg.tw/files/1/products/340097_400_719E6B7B1E8978D.jpg?v=24472,340122
True,M,上身類,https://www.net-fashion.net/product/340087,快適排汗口袋POLO衫,,250.0,https://net.wimg.tw/files/1/products/340057_400_733E5A49CE7A9BAE8978D.jpg?v=24472,340087
True,M,上身類,https://www.net-fashion.net/product/335865,素面小獅子刺繡POLO衫,,250.0,https://net.wimg.tw/files/1/products/335890_400_001E99BAAE799BD.jpg?v=24472,335865
True,M,上身類,https://www.net-fashion.net/product/339692,寬肩口袋背心,250.0,,https://net.wimg.tw/files/1/products/339692_400_002E799BDE889B2.jpg?v=24472,339692
True,M,上身類,https://www.net-fashion.net/product/339768,JUSTICE繡字T恤,,299.0,https://net.wimg.tw/files/1/products/339768_400_020E6B7BAE9BABBE781B0.jpg?v=24472,339768
True,M,上身類,https://www.net-fashion.net/product/339764,L&F貼布圓領T恤,,299.0,https://net.wimg.tw/files/1/products/339756_400_900E9BB91E889B2.jpg?v=24472,339764
True,M,上身類,https://www.net-fashion.net/product/339748,HOPE繡字T恤,,299.0,https://net.wimg.tw/files/1/products/339748_400_325E6B7B1E7B485.jpg?v=24472,339748
True,M,上身類,https://www.net-fashion.net/product/339736,L&F左胸貼布T恤,,299.0,https://net.wimg.tw/files/1/products/339732_400_711E4B888E99D92.jpg?v=24472,339736
True,M,上身類,https://www.net-fashion.net/product/339724,L&F印字圓領T恤,,199.0,https://net.wimg.tw/files/1/products/339724_400_509E9BAA5E9BB83.jpg?v=24472,339724
True,M,上身類,https://www.net-fashion.net/product/339872,窄肩印花機能背心,,225.0,https://net.wimg.tw/files/1/products/339862_400_718E6B5B7E8BB8DE8978D.jpg?v=24472,339872
True,M,上身類,https://www.net-fashion.net/product/337345,素色機能V領T恤,,166.0,https://net.wimg.tw/files/1/products/337315_400_900E9BB91E889B2.jpg?v=24472,337345
True,M,上身類,https://www.net-fashion.net/product/340047,快適排汗POLO衫,,250.0,https://net.wimg.tw/files/1/products/340017_400_733E5A49CE7A9BAE8978D.jpg?v=24472,340047
True,M,上身類,https://www.net-fashion.net/product/335775,素面小獅子短袖POLO衫,,250.0,https://net.wimg.tw/files/1/products/335800_400_001E99BAAE799BD.jpg?v=24472,335775
True,M,上身類,https://www.net-fashion.net/product/337351,假兩件PARIS字樣T恤,,233.0,https://net.wimg.tw/files/1/products/337357_400_316E6B7BAE78EABE791B0.jpg?v=24472,337351
True,M,上身類,https://www.net-fashion.net/product/333619,基本素面V領T恤,,166.0,https://net.wimg.tw/files/1/products/333613_400_900E9BB91E889B2.jpg?v=24472,333619
True,M,上身類,https://www.net-fashion.net/product/334095,條紋下擺字標落肩T恤,399.0,,https://net.wimg.tw/files/1/products/334091_400_711E4B888E99D92.jpg?v=24472,334095
True,M,上身類,https://www.net-fashion.net/product/333547,基本素面圓領T恤,,166.0,https://net.wimg.tw/files/1/products/333565_400_020E6B7BAE9BABBE781B0.jpg?v=24472,333547
True,M,上身類,https://www.net-fashion.net/product/334475,窄肩羅紋挖背背心,99.0,,https://net.wimg.tw/files/1/products/334450_400_723E999B0E5BDB1E8978D.jpg?v=24472,334475
True,M,上身類,https://www.net-fashion.net/product/334410,素面窄肩羅紋U領背心,99.0,,https://net.wimg.tw/files/1/products/334410_400_001E99BAAE799BD.jpg?v=24472,334410
True,M,上身類,https://www.net-fashion.net/product/333932,FORMOSA印字合身V領T恤,250.0,,https://net.wimg.tw/files/1/products/333928_400_022E9BABBE781B0.jpg?v=24472,333932
True,M,上身類,https://www.net-fashion.net/product/333920,背面FORMOSA字樣合身圓領T恤,250.0,,https://net.wimg.tw/files/1/products/333908_400_719E6B7B1E8978D.jpg?v=24472,333920
True,M,上身類,https://www.net-fashion.net/product/333637,V領素色獅子刺繡T恤,,166.0,https://net.wimg.tw/files/1/products/333625_400_900E9BB91E889B2.jpg?v=24472,333637
True,M,上身類,https://www.net-fashion.net/product/354124,素面假兩件寬版T恤,299.0,,https://net.wimg.tw/files/1/products/354124_400_701E6B7BAE8978D.jpg?v=24472,354124
True,M,上身類,https://www.net-fashion.net/product/354234,手袖印字寬版T恤,299.0,,https://net.wimg.tw/files/1/products/354230_400_102E58DA1E585B6.jpg?v=24472,354234
True,M,上身類,https://www.net-fashion.net/product/352986,多口袋網布背心,799.0,,https://net.wimg.tw/files/1/products/352986_400_623E8BB8DE7B6A0.jpg?v=24472,352986
True,M,上身類,https://www.net-fashion.net/product/352717,胸口印字連帽上衣,299.0,,https://net.wimg.tw/files/1/products/352713_400_615E781B0E6B996E7B6A0.jpg?v=24472,352717
True,M,上身類,https://www.net-fashion.net/product/351448,叢林方塊印花T恤,299.0,,https://net.wimg.tw/files/1/products/351448_400_001E99BAAE799BD.jpg?v=24472,351448
True,F,洋裝/連身褲,https://www.net-fashion.net/product/347974,寬鬆V領背心洋裝,499.0,,https://net.wimg.tw/files/1/products/347972_400_106E9A79DE889B2.jpg?v=24472,347974
True,F,洋裝/連身褲,https://www.net-fashion.net/product/345463,細肩帶傘擺洋裝,599.0,,https://net.wimg.tw/files/1/products/345455_400_701E6B7BAE8978D.jpg?v=24472,345463
True,F,洋裝/連身褲,https://www.net-fashion.net/product/339233,細肩帶碎花洋裝,699.0,,https://net.wimg.tw/files/1/products/339229_400_510E6B7BAE88AA5E9BB83.jpg?v=24472,339233
True,F,洋裝/連身褲,https://www.net-fashion.net/product/344515,小熊維尼印花家居洋裝,299.0,,https://net.wimg.tw/files/1/products/344511_400_900E9BB91E889B2.jpg?v=24472,344515
True,F,洋裝/連身褲,https://www.net-fashion.net/product/344287,印花背心洋裝,499.0,,https://net.wimg.tw/files/1/products/344291_400_511E88AA5E9BB83.jpg?v=24472,344287
True,F,洋裝/連身褲,https://www.net-fashion.net/product/341020,小鹿斑比家居短袖洋裝,299.0,,https://net.wimg.tw/files/1/products/341020_400_300E6B7BAE781B0E7B289.jpg?v=24472,341020
True,F,洋裝/連身褲,https://www.net-fashion.net/product/341236,V領縮腰洋裝,699.0,,https://net.wimg.tw/files/1/products/341228_400_722E781B0E8978D.jpg?v=24472,341236
True,F,洋裝/連身褲,https://www.net-fashion.net/product/341224,氣質碎花綁帶洋裝,699.0,,https://net.wimg.tw/files/1/products/341216_400_705E8978DE889B2.jpg?v=24472,341224
True,F,洋裝/連身褲,https://www.net-fashion.net/product/340940,Bra棉彈短袖長洋裝,599.0,,https://net.wimg.tw/files/1/products/340940_400_017E781B0E9BB91.jpg?v=24472,340940
True,F,洋裝/連身褲,https://www.net-fashion.net/product/340932,Bra棉彈背心長洋裝,599.0,,https://net.wimg.tw/files/1/products/340932_400_704E4B8ADE8978D.jpg?v=24472,340932
True,F,洋裝/連身褲,https://www.net-fashion.net/product/342205,素色單口袋棉質洋裝,359.0,,https://net.wimg.tw/files/1/products/342201_400_900E9BB91E889B2.jpg?v=24472,342205
True,F,洋裝/連身褲,https://www.net-fashion.net/product/342193,單口袋印字棉質洋裝,359.0,,https://net.wimg.tw/files/1/products/342193_400_105E6B7BAE9A79DE889B2.jpg?v=24472,342193
True,F,洋裝/連身褲,https://www.net-fashion.net/product/342049,襯衫領印花短袖洋裝,499.0,,https://net.wimg.tw/files/1/products/342045_400_511E88AA5E9BB83.jpg?v=24472,342049
True,F,洋裝/連身褲,https://www.net-fashion.net/product/340137,寬版吊帶牛仔褲,899.0,,https://net.wimg.tw/files/1/products/340127_400_719E6B7B1E8978D.jpg?v=24472,340137
True,F,洋裝/連身褲,https://www.net-fashion.net/product/338610,圓領背心洋裝,399.0,,https://net.wimg.tw/files/1/products/338602_400_900E9BB91E889B2.jpg?v=24472,338610
True,F,洋裝/連身褲,https://www.net-fashion.net/product/339344,基本棉質合身洋裝,299.0,,https://net.wimg.tw/files/1/products/339339_400_031E9BB91E98EB3.jpg?v=24472,339344
True,F,下身類,https://www.net-fashion.net/product/353830,附腰帶打褶A字長裙,599.0,,https://net.wimg.tw/files/1/products/353826_400_623E8BB8DE7B6A0.jpg?v=24472,353830
True,F,下身類,https://www.net-fashion.net/product/353628,鬆緊綁帶打褶中長寬褲,399.0,,https://net.wimg.tw/files/1/products/353613_400_900E9BB91E889B2.jpg?v=24472,353628
True,F,下身類,https://www.net-fashion.net/product/352663,舒適鬆緊羅紋長褲,459.0,,https://net.wimg.tw/files/1/products/352663_400_507E69D8FE889B2.jpg?v=24472,352663
True,F,下身類,https://www.net-fashion.net/product/353233,鬆緊壓皺雪紡長裙,559.0,,https://net.wimg.tw/files/1/products/353233_400_505E6B7BAE9BB83.jpg?v=24472,353233
True,F,下身類,https://www.net-fashion.net/product/344831,印花側開岔運動短褲,,250.0,https://net.wimg.tw/files/1/products/344821_400_711E4B888E99D92.jpg?v=24472,344831
True,F,下身類,https://www.net-fashion.net/product/344058,彈性軟料打褶五分褲,459.0,,https://net.wimg.tw/files/1/products/344058_400_900E9BB91E889B2.jpg?v=24472,344058
True,F,下身類,https://www.net-fashion.net/product/345442,印花百褶長裙,599.0,,https://net.wimg.tw/files/1/products/345434_400_900E9BB91E889B2.jpg?v=24472,345442
True,F,下身類,https://www.net-fashion.net/product/344559,鬆緊綁帶軟料寬褲,399.0,,https://net.wimg.tw/files/1/products/344555_400_720E69A97E5A49CE8978D.jpg?v=24472,344559
True,F,下身類,https://www.net-fashion.net/product/344680,鬆緊滑面打褶寬褲,499.0,,https://net.wimg.tw/files/1/products/344676_400_202E6B7B1E59296E595A1.jpg?v=24472,344680
True,F,下身類,https://www.net-fashion.net/product/344587,鬆緊軟料傘擺長裙,359.0,,https://net.wimg.tw/files/1/products/344579_400_625E5A2A8E7B6A0.jpg?v=24472,344587
True,F,下身類,https://www.net-fashion.net/product/343379,素色綁帶休閒短褲,,250.0,https://net.wimg.tw/files/1/products/343374_400_315E6B7B1E7B289E7B485.jpg?v=24472,343379
True,F,下身類,https://www.net-fashion.net/product/340153,後鬆緊軟料牛仔寬褲,599.0,,https://net.wimg.tw/files/1/products/340147_400_704E4B8ADE8978D.jpg?v=24472,340153
True,F,下身類,https://www.net-fashion.net/product/338264,後鬆緊打褶錐形褲,599.0,,https://net.wimg.tw/files/1/products/338264_400_009E6B7A1E781B0.jpg?v=24472,338264
True,F,下身類,https://www.net-fashion.net/product/334536,鬆緊腰打褶錐形長褲,499.0,,https://net.wimg.tw/files/1/products/334536_400_017E781B0E9BB91.jpg?v=24472,334536
True,F,下身類,https://www.net-fashion.net/product/347944,後鬆緊吊帶短裙,599.0,,https://net.wimg.tw/files/1/products/347944_400_103E781B0E58DA1E585B6.jpg?v=24472,347944
True,F,下身類,https://www.net-fashion.net/product/347800,鬆緊腰頭綁帶寬褲,359.0,,https://net.wimg.tw/files/1/products/347788_400_615E781B0E6B996E7B6A0.jpg?v=24472,347800
True,F,下身類,https://www.net-fashion.net/product/345500,素色網紗長裙,359.0,,https://net.wimg.tw/files/1/products/345496_400_326E7A39AE7B485.jpg?v=24472,345500
True,F,下身類,https://www.net-fashion.net/product/346486,鬆緊光澤軟料長褲,499.0,,https://net.wimg.tw/files/1/products/346486_400_003E7B1B3E799BD.jpg?v=24472,346486
True,F,下身類,https://www.net-fashion.net/product/344857,棉質鬆緊帶寬擺短褲,299.0,,https://net.wimg.tw/files/1/products/344857_400_410E6B7B1E6A998.jpg?v=24472,344857
True,F,下身類,https://www.net-fashion.net/product/344575,鬆緊百搭軟料中長裙,359.0,,https://net.wimg.tw/files/1/products/344567_400_901E99CA7E9BB91.jpg?v=24472,344575
True,F,下身類,https://www.net-fashion.net/product/341588,無接縫合身運動長褲,299.0,,https://net.wimg.tw/files/1/products/341588_400_023E6B7B1E9BABBE781B0.jpg?v=24472,341588
True,F,下身類,https://www.net-fashion.net/product/343198,鬆緊軟料輕便長褲,399.0,,https://net.wimg.tw/files/1/products/343190_400_900E9BB91E889B2.jpg?v=24472,343198
True,F,下身類,https://www.net-fashion.net/product/342153,綁帶字樣棉質短褲,,250.0,https://net.wimg.tw/files/1/products/342138_400_900E9BB91E889B2.jpg?v=24472,342153
True,F,下身類,https://www.net-fashion.net/product/344174,運動合身七分褲,359.0,,https://net.wimg.tw/files/1/products/344170_400_900E9BB91E889B2.jpg?v=24472,344174
True,F,下身類,https://www.net-fashion.net/product/344146,運動寬鬆中長褲,359.0,,https://net.wimg.tw/files/1/products/344150_400_711E4B888E99D92.jpg?v=24472,344146
True,F,下身類,https://www.net-fashion.net/product/344142,運動寬鬆中長褲,299.0,,https://net.wimg.tw/files/1/products/344138_400_900E9BB91E889B2.jpg?v=24472,344142
True,F,下身類,https://www.net-fashion.net/product/344154,運動健康布長褲,459.0,,https://net.wimg.tw/files/1/products/344158_400_719E6B7B1E8978D.jpg?v=24472,344154
True,F,下身類,https://www.net-fashion.net/product/343429,側開岔多色綁帶短褲,199.0,,https://net.wimg.tw/files/1/products/343409_400_711E4B888E99D92.jpg?v=24472,343429
True,F,下身類,https://www.net-fashion.net/product/344162,運動健康布短褲,299.0,,https://net.wimg.tw/files/1/products/344166_400_711E4B888E99D92.jpg?v=24472,344162
True,F,下身類,https://www.net-fashion.net/product/344535,百搭側拉鍊短褲,499.0,,https://net.wimg.tw/files/1/products/344531_400_314E7B289E7B485.jpg?v=24472,344535
True,F,下身類,https://www.net-fashion.net/product/344227,輕便緊身七分褲,,199.0,https://net.wimg.tw/files/1/products/344178_400_900E9BB91E889B2.jpg?v=24472,344227
True,F,下身類,https://www.net-fashion.net/product/338732,鬆緊印花運動束口褲,499.0,,https://net.wimg.tw/files/1/products/338716_400_901E99CA7E9BB91.jpg?v=24472,338732
True,F,下身類,https://www.net-fashion.net/product/338712,假兩件運動長褲,399.0,,https://net.wimg.tw/files/1/products/338700_400_900E9BB91E889B2.jpg?v=24472,338712
True,F,下身類,https://www.net-fashion.net/product/342183,下擺圓弧棉質短褲,,250.0,https://net.wimg.tw/files/1/products/342183_400_802E7B289E7B4AB.jpg?v=24472,342183
True,F,下身類,https://www.net-fashion.net/product/341073,後鬆緊打褶中長裙,699.0,,https://net.wimg.tw/files/1/products/341069_400_722E781B0E8978D.jpg?v=24472,341073
True,F,下身類,https://www.net-fashion.net/product/339323,鬆緊綁帶七分束口褲,359.0,,https://net.wimg.tw/files/1/products/339323_400_711E4B888E99D92.jpg?v=24472,339323
True,F,下身類,https://www.net-fashion.net/product/341756,休閒反摺五分短褲,,400.0,https://net.wimg.tw/files/1/products/341714_400_719E6B7B1E8978D.jpg?v=24472,341756
True,F,下身類,https://www.net-fashion.net/product/339308,印字棉質五分短褲,,250.0,https://net.wimg.tw/files/1/products/339318_400_022E9BABBE781B0.jpg?v=24472,339308
True,F,下身類,https://www.net-fashion.net/product/341650,綁帶棉質輕便短褲,,400.0,https://net.wimg.tw/files/1/products/341608_400_708E69C9DE99CA7E8978D.jpg?v=24472,341650
True,F,下身類,https://www.net-fashion.net/product/341828,多色柔軟輕便短褲,299.0,,https://net.wimg.tw/files/1/products/341848_400_321E6B7BAE7A39AE7B485.jpg?v=24472,341828
True,F,下身類,https://www.net-fashion.net/product/341793,綁帶棉麻短褲,,400.0,https://net.wimg.tw/files/1/products/341783_400_726E88AB1E7B497E8978D.jpg?v=24472,341793
True,F,下身類,https://www.net-fashion.net/product/341993,鬆緊綁帶休閒長褲,599.0,,https://net.wimg.tw/files/1/products/341993_400_017E781B0E9BB91.jpg?v=24472,341993
True,F,下身類,https://www.net-fashion.net/product/341953,多色柔軟輕便長褲,390.0,,https://net.wimg.tw/files/1/products/341948_400_022E9BABBE781B0.jpg?v=24472,341953
True,F,下身類,https://www.net-fashion.net/product/339294,素色棉彈七分內搭褲,199.0,,https://net.wimg.tw/files/1/products/339289_400_711E4B888E99D92.jpg?v=24472,339294
True,F,下身類,https://www.net-fashion.net/product/339284,基本彈性內搭褲,199.0,,https://net.wimg.tw/files/1/products/339269_400_900E9BB91E889B2.jpg?v=24472,339284
True,F,下身類,https://www.net-fashion.net/product/341709,基本休閒反摺短褲,,400.0,https://net.wimg.tw/files/1/products/341684_400_900E9BB91E889B2.jpg?v=24472,341709
True,F,下身類,https://www.net-fashion.net/product/342163,鬆緊綁帶棉質五分短褲,,250.0,https://net.wimg.tw/files/1/products/342158_400_102E58DA1E585B6.jpg?v=24472,342163
True,F,下身類,https://www.net-fashion.net/product/341093,素色鬆緊錐形九分褲,499.0,,https://net.wimg.tw/files/1/products/341081_400_719E6B7B1E8978D.jpg?v=24472,341093
True,F,下身類,https://www.net-fashion.net/product/341355,鬆緊綁帶打褶中長寬褲,399.0,,https://net.wimg.tw/files/1/products/341359_400_010E6B7BAE781B0.jpg?v=24472,341355
True,F,下身類,https://www.net-fashion.net/product/341400,鬆緊綁帶寬褲,599.0,,https://net.wimg.tw/files/1/products/341380_400_814E781B0E7B4AB.jpg?v=24472,341400
True,F,下身類,https://www.net-fashion.net/product/342130,鬆緊綁帶棉質中長寬褲,399.0,,https://net.wimg.tw/files/1/products/342126_400_512E6B7B1E88AA5E9BB83.jpg?v=24472,342130
True,F,下身類,https://www.net-fashion.net/product/341898,柔軟輕便束口褲,390.0,,https://net.wimg.tw/files/1/products/341893_400_017E781B0E9BB91.jpg?v=24472,341898
True,F,下身類,https://www.net-fashion.net/product/341868,多色柔軟輕便七分褲,390.0,,https://net.wimg.tw/files/1/products/341858_400_616E781B0E7B6A0.jpg?v=24472,341868
True,F,下身類,https://www.net-fashion.net/product/341272,鬆緊綁帶軟料束口褲,359.0,,https://net.wimg.tw/files/1/products/341267_400_625E5A2A8E7B6A0.jpg?v=24472,341272
True,F,下身類,https://www.net-fashion.net/product/341252,嫘縈綁帶柔軟長褲,359.0,,https://net.wimg.tw/files/1/products/341252_400_031E9BB91E98EB3.jpg?v=24472,341252
True,F,下身類,https://www.net-fashion.net/product/339304,彈性鬆緊側條內搭褲,299.0,,https://net.wimg.tw/files/1/products/339304_400_900E9BB91E889B2.jpg?v=24472,339304
True,F,下身類,https://www.net-fashion.net/product/339331,鬆緊綁帶棉質束口褲,359.0,,https://net.wimg.tw/files/1/products/339335_400_022E9BABBE781B0.jpg?v=24472,339331
True,F,下身類,https://www.net-fashion.net/product/338736,台灣印字錐形運動褲,499.0,,https://net.wimg.tw/files/1/products/338736_400_901E99CA7E9BB91.jpg?v=24472,338736
True,F,下身類,https://www.net-fashion.net/product/337438,修身反摺牛仔短褲,,450.0,https://net.wimg.tw/files/1/products/337444_400_003E7B1B3E799BD.jpg?v=24472,337438
True,F,下身類,https://www.net-fashion.net/product/336145,抽鬚割破牛仔短裙,499.0,,https://net.wimg.tw/files/1/products/336150_400_014E6B7B1E781B0.jpg?v=24472,336145
True,F,下身類,https://www.net-fashion.net/product/338853,輕便鬆緊綁帶軟料寬褲,390.0,,https://net.wimg.tw/files/1/products/338848_400_017E781B0E9BB91.jpg?v=24472,338853
True,F,下身類,https://www.net-fashion.net/product/338843,高腰花苞反摺短褲,,400.0,https://net.wimg.tw/files/1/products/338808_400_900E9BB91E889B2.jpg?v=24472,338843
True,F,下身類,https://www.net-fashion.net/product/335229,印花運動短褲,399.0,,https://net.wimg.tw/files/1/products/335221_400_901E99CA7E9BB91.jpg?v=24472,335229
True,F,下身類,https://www.net-fashion.net/product/338696,鬆緊內襯運動短褲,359.0,,https://net.wimg.tw/files/1/products/338684_400_900E9BB91E889B2.jpg?v=24472,338696
True,F,下身類,https://www.net-fashion.net/product/338684,鬆緊內襯運動短褲,359.0,,https://net.wimg.tw/files/1/products/338684_400_017E781B0E9BB91.jpg?v=24472,338684
True,F,下身類,https://www.net-fashion.net/product/338489,後鬆緊排釦打褶長裙,599.0,,https://net.wimg.tw/files/1/products/338481_400_900E9BB91E889B2.jpg?v=24472,338489
True,F,下身類,https://www.net-fashion.net/product/336070,反摺高腰鬆緊牛仔短褲,,450.0,https://net.wimg.tw/files/1/products/336100_400_003E7B1B3E799BD.jpg?v=24472,336070
True,F,下身類,https://www.net-fashion.net/product/338913,休閒斜紋直筒長褲,599.0,,https://net.wimg.tw/files/1/products/338913_400_031E9BB91E98EB3.jpg?v=24472,338913
True,F,下身類,https://www.net-fashion.net/product/338058,SlimFit修身八分西裝褲,,550.0,https://net.wimg.tw/files/1/products/338033_400_900E9BB91E889B2.jpg?v=24472,338058
True,F,下身類,https://www.net-fashion.net/product/336740,單層鬆緊慢跑短褲,259.0,,https://net.wimg.tw/files/1/products/336740_400_017E781B0E9BB91.jpg?v=24472,336740
True,F,下身類,https://www.net-fashion.net/product/338214,RegularFit微光澤商務短裙,,550.0,https://net.wimg.tw/files/1/products/338209_400_900E9BB91E889B2.jpg?v=24472,338214
True,F,下身類,https://www.net-fashion.net/product/335258,多色輕便緊身九分褲,,199.0,https://net.wimg.tw/files/1/products/335300_400_102E58DA1E585B6.jpg?v=24472,335258
True,F,下身類,https://www.net-fashion.net/product/338130,RegularFit商務短裙,,550.0,https://net.wimg.tw/files/1/products/338125_400_900E9BB91E889B2.jpg?v=24472,338130
True,F,下身類,https://www.net-fashion.net/product/338105,RegularFit及膝A字短裙,,550.0,https://net.wimg.tw/files/1/products/338100_400_900E9BB91E889B2.jpg?v=24472,338105
True,F,下身類,https://www.net-fashion.net/product/338506,後鬆緊中長寬褲,499.0,,https://net.wimg.tw/files/1/products/338522_400_103E781B0E58DA1E585B6.jpg?v=24472,338506
True,F,下身類,https://www.net-fashion.net/product/335097,素面鬆緊腰長褲,359.0,,https://net.wimg.tw/files/1/products/335101_400_013E781B0E889B2.jpg?v=24472,335097
True,F,下身類,https://www.net-fashion.net/product/335093,鬆緊腰羅馬布長褲,459.0,,https://net.wimg.tw/files/1/products/335089_400_900E9BB91E889B2.jpg?v=24472,335093
True,F,下身類,https://www.net-fashion.net/product/336732,素色綁帶中長寬褲,399.0,,https://net.wimg.tw/files/1/products/336728_400_206E58FAFE58FAFE889B2.jpg?v=24472,336732
True,F,下身類,https://www.net-fashion.net/product/335105,打褶後鬆緊寬褲,399.0,,https://net.wimg.tw/files/1/products/335109_400_215E59296E595A1.jpg?v=24472,335105
True,F,下身類,https://www.net-fashion.net/product/338472,高腰綁帶打褶中長裙,599.0,,https://net.wimg.tw/files/1/products/338472_400_711E4B888E99D92.jpg?v=24472,338472
True,F,下身類,https://www.net-fashion.net/product/338493,鬆緊蛋糕長裙,599.0,,https://net.wimg.tw/files/1/products/338493_400_616E781B0E7B6A0.jpg?v=24472,338493
True,F,下身類,https://www.net-fashion.net/product/338578,舒適綁帶細羅紋長褲,359.0,,https://net.wimg.tw/files/1/products/338574_400_900E9BB91E889B2.jpg?v=24472,338578
True,F,下身類,https://www.net-fashion.net/product/337393,修身牛仔短褲,,450.0,https://net.wimg.tw/files/1/products/337375_400_719E6B7B1E8978D.jpg?v=24472,337393
True,F,下身類,https://www.net-fashion.net/product/340170,割破牛仔短褲,599.0,,https://net.wimg.tw/files/1/products/340165_400_014E6B7B1E781B0.jpg?v=24472,340170
True,F,下身類,https://www.net-fashion.net/product/338582,彈性坑條合身長裙,359.0,,https://net.wimg.tw/files/1/products/338582_400_215E59296E595A1.jpg?v=24472,338582
True,F,下身類,https://www.net-fashion.net/product/338296,後鬆緊打褶寬褲,499.0,,https://net.wimg.tw/files/1/products/338284_400_718E6B5B7E8BB8DE8978D.jpg?v=24472,338296
True,F,下身類,https://www.net-fashion.net/product/340201,基本反摺牛仔短褲,,450.0,https://net.wimg.tw/files/1/products/340180_400_900E9BB91E889B2.jpg?v=24472,340201
True,F,下身類,https://www.net-fashion.net/product/338147,SlimFit微光澤九分西裝褲,,550.0,https://net.wimg.tw/files/1/products/338135_400_719E6B7B1E8978D.jpg?v=24472,338147
True,F,下身類,https://www.net-fashion.net/product/338028,RegularFit西裝長褲,,550.0,https://net.wimg.tw/files/1/products/338013_400_900E9BB91E889B2.jpg?v=24472,338028
True,F,下身類,https://www.net-fashion.net/product/338248,質感勾釦打褶西裝短褲,459.0,,https://net.wimg.tw/files/1/products/338248_400_002E799BDE889B2.jpg?v=24472,338248
True,F,下身類,https://www.net-fashion.net/product/338159,SlimFit微光澤八分西裝褲,,550.0,https://net.wimg.tw/files/1/products/338159_400_100E6B7A1E58DA1E585B6.jpg?v=24472,338159
True,F,下身類,https://www.net-fashion.net/product/338189,SlimFit微光澤七分西裝褲,,550.0,https://net.wimg.tw/files/1/products/338184_400_100E6B7A1E58DA1E585B6.jpg?v=24472,338189
True,F,下身類,https://www.net-fashion.net/product/338068,後鬆緊修身九分西裝褲,,550.0,https://net.wimg.tw/files/1/products/338063_400_010E6B7BAE781B0.jpg?v=24472,338068
True,F,下身類,https://www.net-fashion.net/product/334201,高腰直筒牛仔褲,,600.0,https://net.wimg.tw/files/1/products/334201_400_701E6B7BAE8978D.jpg?v=24472,334201
True,F,下身類,https://www.net-fashion.net/product/334173,彈力緊身牛仔褲,499.0,,https://net.wimg.tw/files/1/products/334159_400_719E6B7B1E8978D.jpg?v=24472,334173
True,F,下身類,https://www.net-fashion.net/product/333884,彈性鬆緊傘狀短裙,359.0,,https://net.wimg.tw/files/1/products/333888_400_017E781B0E9BB91.jpg?v=24472,333884
True,F,下身類,https://www.net-fashion.net/product/333880,彈性鬆緊傘狀中裙,499.0,,https://net.wimg.tw/files/1/products/333876_400_900E9BB91E889B2.jpg?v=24472,333880
True,F,下身類,https://www.net-fashion.net/product/336764,排釦A字短裙,399.0,,https://net.wimg.tw/files/1/products/336756_400_900E9BB91E889B2.jpg?v=24472,336764
True,F,下身類,https://www.net-fashion.net/product/335233,TAIWAN印字運動短褲,399.0,,https://net.wimg.tw/files/1/products/335233_400_901E99CA7E9BB91.jpg?v=24472,335233
True,F,下身類,https://www.net-fashion.net/product/336065,花苞鬆緊錐形牛仔褲,599.0,,https://net.wimg.tw/files/1/products/336055_400_900E9BB91E889B2.jpg?v=24472,336065
True,F,下身類,https://www.net-fashion.net/product/337462,休閒開衩牛仔短褲,,450.0,https://net.wimg.tw/files/1/products/337456_400_102E58DA1E585B6.jpg?v=24472,337462
True,F,下身類,https://www.net-fashion.net/product/337424,高腰多色緊身牛仔褲,,600.0,https://net.wimg.tw/files/1/products/337417_400_507E69D8FE889B2.jpg?v=24472,337424
True,F,下身類,https://www.net-fashion.net/product/336135,基本反摺牛仔短褲(附腰帶),599.0,,https://net.wimg.tw/files/1/products/336130_400_719E6B7B1E8978D.jpg?v=24472,336135
True,F,下身類,https://www.net-fashion.net/product/337399,抽鬚五分牛仔褲,,450.0,https://net.wimg.tw/files/1/products/337399_400_704E4B8ADE8978D.jpg?v=24472,337399
True,F,下身類,https://www.net-fashion.net/product/336112,反摺男友牛仔短褲,,450.0,https://net.wimg.tw/files/1/products/336118_400_704E4B8ADE8978D.jpg?v=24472,336112
True,F,下身類,https://www.net-fashion.net/product/334180,SlimFit修身直筒牛仔褲,,600.0,https://net.wimg.tw/files/1/products/334187_400_701E6B7BAE8978D.jpg?v=24472,334180
True,M,下身類,https://www.net-fashion.net/product/344933,印花剪接運動短褲,299.0,,https://net.wimg.tw/files/1/products/344933_400_014E6B7B1E781B0.jpg?v=24472,344933
True,M,下身類,https://www.net-fashion.net/product/339967,鬆緊綁帶印花短褲,,400.0,https://net.wimg.tw/files/1/products/339957_400_718E6B5B7E8BB8DE8978D.jpg?v=24472,339967
True,M,下身類,https://www.net-fashion.net/product/343634,棉質綁帶印花短褲,,299.0,https://net.wimg.tw/files/1/products/343624_400_030E6B7A1E9BABBE781B0.jpg?v=24472,343634
True,M,下身類,https://www.net-fashion.net/product/343664,鬆緊綁帶素色機能短褲,199.0,,https://net.wimg.tw/files/1/products/343659_400_616E781B0E7B6A0.jpg?v=24472,343664
True,M,下身類,https://www.net-fashion.net/product/335745,素面多口袋工作短褲,,550.0,https://net.wimg.tw/files/1/products/335735_400_719E6B7B1E8978D.jpg?v=24472,335745
True,M,下身類,https://www.net-fashion.net/product/333698,SlimFit修身直筒牛仔褲,,600.0,https://net.wimg.tw/files/1/products/333688_400_704E4B8ADE8978D.jpg?v=24472,333698
True,M,下身類,https://www.net-fashion.net/product/343451,斜紋直筒九分褲,,600.0,https://net.wimg.tw/files/1/products/343451_400_023E6B7B1E9BABBE781B0.jpg?v=24472,343451
True,M,下身類,https://www.net-fashion.net/product/334847,鬆緊綁帶毛圈棉質束口褲,399.0,,https://net.wimg.tw/files/1/products/334839_400_900E9BB91E889B2.jpg?v=24472,334847
True,M,下身類,https://www.net-fashion.net/product/334823,鬆緊綁帶棉質長褲,399.0,,https://net.wimg.tw/files/1/products/334827_400_020E6B7BAE9BABBE781B0.jpg?v=24472,334823
True,M,下身類,https://www.net-fashion.net/product/339807,鬆緊綁帶機能運動長褲,399.0,,https://net.wimg.tw/files/1/products/339802_400_024E9BB91E9BABBE781B0.jpg?v=24472,339807
True,M,下身類,https://www.net-fashion.net/product/339997,鬆緊綁帶休閒九分褲,,500.0,https://net.wimg.tw/files/1/products/339997_400_102E58DA1E585B6.jpg?v=24472,339997
True,M,下身類,https://www.net-fashion.net/product/340338,割破抽鬚反折牛仔短褲,699.0,,https://net.wimg.tw/files/1/products/340338_400_701E6B7BAE8978D.jpg?v=24472,340338
True,M,下身類,https://www.net-fashion.net/product/336193,合身型牛仔長褲,,600.0,https://net.wimg.tw/files/1/products/336183_400_704E4B8ADE8978D.jpg?v=24472,336193
True,M,下身類,https://www.net-fashion.net/product/337018,印花卡其短褲,,399.0,https://net.wimg.tw/files/1/products/337018_400_003E7B1B3E799BD.jpg?v=24472,337018
True,M,下身類,https://www.net-fashion.net/product/339987,鬆緊綁帶休閒短褲,,400.0,https://net.wimg.tw/files/1/products/339977_400_705E8978DE889B2.jpg?v=24472,339987
True,M,下身類,https://www.net-fashion.net/product/335645,多口袋工作短褲,,550.0,https://net.wimg.tw/files/1/products/335685_400_022E9BABBE781B0.jpg?v=24472,335645
True,M,下身類,https://www.net-fashion.net/product/339780,內綁帶印字棉質短褲,399.0,,https://net.wimg.tw/files/1/products/339780_400_022E9BABBE781B0.jpg?v=24472,339780
True,M,下身類,https://www.net-fashion.net/product/335554,SlimFit修身彈性休閒短褲,,399.0,https://net.wimg.tw/files/1/products/335538_400_719E6B7B1E8978D.jpg?v=24472,335554
True,M,下身類,https://www.net-fashion.net/product/336816,RegularFit五分卡其短褲,,399.0,https://net.wimg.tw/files/1/products/336846_400_004E8B1A1E78999E799BD.jpg?v=24472,336816
True,M,下身類,https://www.net-fashion.net/product/339631,後鬆緊無褶五分褲,,399.0,https://net.wimg.tw/files/1/products/339627_400_101E6B7BAE58DA1E585B6.jpg?v=24472,339631
True,M,下身類,https://www.net-fashion.net/product/334788,網布拼接運動短褲,,349.0,https://net.wimg.tw/files/1/products/334818_400_013E781B0E889B2.jpg?v=24472,334788
True,M,下身類,https://www.net-fashion.net/product/336030,綁帶鬆緊腰運動短褲,350.0,,https://net.wimg.tw/files/1/products/336040_400_023E6B7B1E9BABBE781B0.jpg?v=24472,336030
True,M,下身類,https://www.net-fashion.net/product/340238,SkinnyFit合身牛仔長褲,,600.0,https://net.wimg.tw/files/1/products/340208_400_900E9BB91E889B2.jpg?v=24472,340238
True,M,下身類,https://www.net-fashion.net/product/336926,後鬆緊工作中長褲,799.0,,https://net.wimg.tw/files/1/products/336921_400_626E6B7B1E7B6A0.jpg?v=24472,336926
True,M,下身類,https://www.net-fashion.net/product/340328,標準型牛仔短褲,,500.0,https://net.wimg.tw/files/1/products/340298_400_900E9BB91E889B2.jpg?v=24472,340328
True,M,下身類,https://www.net-fashion.net/product/337561,多色修身反摺牛仔短褲,,500.0,https://net.wimg.tw/files/1/products/337506_400_723E999B0E5BDB1E8978D.jpg?v=24472,337561
True,M,下身類,https://www.net-fashion.net/product/336223,SlimFit修身反摺牛仔短褲,,500.0,https://net.wimg.tw/files/1/products/336245_400_701E6B7BAE8978D.jpg?v=24472,336223
True,M,下身類,https://www.net-fashion.net/product/337482,SkinnyFit多色九分牛仔褲,,600.0,https://net.wimg.tw/files/1/products/337474_400_622E6A984E7B6A0.jpg?v=24472,337482
True,M,下身類,https://www.net-fashion.net/product/339577,SlimFit反摺時裝短褲,,399.0,https://net.wimg.tw/files/1/products/339537_400_616E781B0E7B6A0.jpg?v=24472,339577
True,M,下身類,https://www.net-fashion.net/product/339557,SlimFit反摺時裝短褲,,399.0,https://net.wimg.tw/files/1/products/339537_400_106E9A79DE889B2.jpg?v=24472,339557
True,M,下身類,https://www.net-fashion.net/product/335640,鬆緊腰運動短褲,,349.0,https://net.wimg.tw/files/1/products/335630_400_900E9BB91E889B2.jpg?v=24472,335640
True,M,下身類,https://www.net-fashion.net/product/336906,單層鬆緊路跑短褲,,349.0,https://net.wimg.tw/files/1/products/336901_400_719E6B7B1E8978D.jpg?v=24472,336906
